distance,time,calories,total_steps,avg_speed,avg_cadence,max_cadence,avg_pace,max_pace,min_pace,avg_heart_rate,max_heart_rate,min_heart_rate,vo2_max(%),aerobic(%),anaerobic(%),intensive(%),light(%),Cricket,Outdoor Running,Trail Run,Treadmill,Trekking,Walking
7.91,42,82,1571.0,22.1,29.63,180.16,7.966666666666667,28.966666666666665,7.966666666666667,83.0,85.0,81,3,22,0,24,65,0.0,0.0,0.0,0.0,0.0,1.0
2.94,26,430,7618.0,10.59,131.93,334.72,6.733333333333333,27.73333333333333,6.25,145.0,190.0,100,23,0,71,18,3,0.0,1.0,0.0,0.0,0.0,0.0
2.87,26,465,2790.0,32.92,21.42,341.17,6.8,25.83333333333333,6.333333333333333,142.0,188.0,96,2,0,80,46,13,0.0,0.0,1.0,0.0,0.0,0.0
6.31,107,97,2790.0,22.99,27.99,139.21,6.8,25.83333333333333,6.333333333333333,138.5,188.0,89,38,0,80,13,16,0.0,0.0,1.0,0.0,0.0,0.0
2.37,65,524,7618.0,16.47,164.78,87.6,6.733333333333333,27.73333333333333,6.25,146.0,190.0,102,17,0,71,46,12,0.0,1.0,0.0,0.0,0.0,0.0
5.69,78,248,5028.0,3.22,47.35,321.79,7.916666666666667,24.75,7.75,108.5,124.0,93,19,50,0,23,96,0.0,0.0,0.0,0.0,1.0,0.0
6.54,118,496,5028.0,2.99,87.5,135.87,7.916666666666667,24.75,7.75,113.0,124.0,102,17,50,0,63,37,0.0,0.0,0.0,0.0,1.0,0.0
1.89,108,150,4550.0,31.49,69.99,198.7,7.983333333333333,27.966666666666665,7.966666666666667,103.0,105.0,101,26,26,7,46,64,0.0,0.0,0.0,1.0,0.0,0.0
2.78,41,25,3444.0,29.89,126.56,129.14,7.25,22.03333333333333,7.033333333333333,95.5,92.0,99,6,40,10,35,56,1.0,0.0,0.0,0.0,0.0,0.0
5.66,76,368,4550.0,20.14,160.37,261.85,7.983333333333333,27.966666666666665,7.966666666666667,104.0,105.0,103,7,26,7,38,34,0.0,0.0,0.0,1.0,0.0,0.0
3.71,92,343,3444.0,29.29,12.28,230.99,7.25,22.03333333333333,7.033333333333333,87.0,92.0,82,33,40,10,49,80,1.0,0.0,0.0,0.0,0.0,0.0
6.52,59,467,3444.0,26.87,59.96,205.4,7.25,22.03333333333333,7.033333333333333,101.0,92.0,110,20,40,10,35,94,1.0,0.0,0.0,0.0,0.0,0.0
6.41,40,377,7618.0,19.67,75.95,255.54,6.733333333333333,27.73333333333333,6.25,138.5,190.0,87,38,0,71,45,88,0.0,1.0,0.0,0.0,0.0,0.0
3.95,88,277,3444.0,20.89,46.5,269.71,7.25,22.03333333333333,7.033333333333333,91.5,92.0,91,18,40,10,50,55,1.0,0.0,0.0,0.0,0.0,0.0
8.23,91,416,3444.0,23.83,116.62,88.8,7.25,22.03333333333333,7.033333333333333,87.0,92.0,82,5,40,10,34,25,1.0,0.0,0.0,0.0,0.0,0.0
1.71,77,356,4550.0,19.16,105.43,111.24,7.983333333333333,27.966666666666665,7.966666666666667,93.0,105.0,81,43,26,7,46,39,0.0,0.0,0.0,1.0,0.0,0.0
2.73,110,483,4550.0,26.28,22.45,208.36,7.983333333333333,27.966666666666665,7.966666666666667,98.0,105.0,91,12,26,7,22,46,0.0,0.0,0.0,1.0,0.0,0.0
5.19,23,511,2790.0,11.11,167.3,282.0,6.8,25.83333333333333,6.333333333333333,139.5,188.0,91,40,0,80,54,91,0.0,0.0,1.0,0.0,0.0,0.0
8.36,49,374,5028.0,22.12,51.9,87.33,7.916666666666667,24.75,7.75,106.0,124.0,88,10,50,0,19,100,0.0,0.0,0.0,0.0,1.0,0.0
6.41,116,344,5028.0,3.56,164.8,200.58,7.916666666666667,24.75,7.75,108.0,124.0,92,40,50,0,34,87,0.0,0.0,0.0,0.0,1.0,0.0
1.9,119,13,7618.0,27.42,156.7,56.67,6.733333333333333,27.73333333333333,6.25,140.5,190.0,91,23,0,71,31,61,0.0,1.0,0.0,0.0,0.0,0.0
9.15,76,68,7618.0,4.47,127.48,100.18,6.733333333333333,27.73333333333333,6.25,142.0,190.0,94,10,0,71,5,89,0.0,1.0,0.0,0.0,0.0,0.0
2.92,83,272,3444.0,22.56,186.66,297.96,7.25,22.03333333333333,7.033333333333333,89.0,92.0,86,17,40,10,54,67,1.0,0.0,0.0,0.0,0.0,0.0
1.49,63,358,3444.0,17.44,29.12,121.33,7.25,22.03333333333333,7.033333333333333,90.0,92.0,88,29,40,10,31,80,1.0,0.0,0.0,0.0,0.0,0.0
6.86,77,373,2790.0,11.12,69.85,76.1,6.8,25.83333333333333,6.333333333333333,139.0,188.0,90,30,0,80,27,48,0.0,0.0,1.0,0.0,0.0,0.0
7.19,111,34,1571.0,8.11,109.49,254.51,7.966666666666667,28.966666666666665,7.966666666666667,90.5,85.0,96,35,22,0,31,71,0.0,0.0,0.0,0.0,0.0,1.0
8.81,120,196,7618.0,26.87,126.1,227.44,6.733333333333333,27.73333333333333,6.25,148.5,190.0,107,14,0,71,6,27,0.0,1.0,0.0,0.0,0.0,0.0
5.38,102,541,2790.0,1.93,33.85,325.65,6.8,25.83333333333333,6.333333333333333,145.0,188.0,102,33,0,80,13,40,0.0,0.0,1.0,0.0,0.0,0.0
6.12,39,18,1571.0,3.62,76.34,132.77,7.966666666666667,28.966666666666665,7.966666666666667,84.5,85.0,84,17,22,0,33,7,0.0,0.0,0.0,0.0,0.0,1.0
1.81,48,172,7618.0,11.42,97.53,215.27,6.733333333333333,27.73333333333333,6.25,140.5,190.0,91,8,0,71,7,16,0.0,1.0,0.0,0.0,0.0,0.0
8.34,107,306,5028.0,8.93,12.81,275.77,7.916666666666667,24.75,7.75,117.5,124.0,111,28,50,0,12,94,0.0,0.0,0.0,0.0,1.0,0.0
1.42,32,306,5028.0,20.3,64.43,277.93,7.916666666666667,24.75,7.75,108.5,124.0,93,24,50,0,17,77,0.0,0.0,0.0,0.0,1.0,0.0
4.73,85,417,5028.0,31.29,28.81,186.54,7.916666666666667,24.75,7.75,111.0,124.0,98,28,50,0,23,31,0.0,0.0,0.0,0.0,1.0,0.0
5.88,65,365,4550.0,29.87,100.98,298.5,7.983333333333333,27.966666666666665,7.966666666666667,92.5,105.0,80,15,26,7,64,62,0.0,0.0,0.0,1.0,0.0,0.0
7.19,94,185,2790.0,7.34,62.8,210.3,6.8,25.83333333333333,6.333333333333333,137.5,188.0,87,37,0,80,45,66,0.0,0.0,1.0,0.0,0.0,0.0
1.35,32,399,4550.0,5.0,173.65,207.25,7.983333333333333,27.966666666666665,7.966666666666667,104.5,105.0,104,17,26,7,15,76,0.0,0.0,0.0,1.0,0.0,0.0
2.96,59,465,5028.0,37.0,114.9,162.78,7.916666666666667,24.75,7.75,106.0,124.0,88,20,50,0,44,71,0.0,0.0,0.0,0.0,1.0,0.0
2.69,89,277,2790.0,15.32,21.36,319.6,6.8,25.83333333333333,6.333333333333333,139.5,188.0,91,2,0,80,57,16,0.0,0.0,1.0,0.0,0.0,0.0
3.44,118,181,4550.0,7.24,72.65,83.99,7.983333333333333,27.966666666666665,7.966666666666667,94.5,105.0,84,42,26,7,52,97,0.0,0.0,0.0,1.0,0.0,0.0
6.13,80,232,1571.0,33.87,197.68,161.72,7.966666666666667,28.966666666666665,7.966666666666667,97.0,85.0,109,12,22,0,54,36,0.0,0.0,0.0,0.0,0.0,1.0
9.39,65,436,5028.0,34.15,36.99,317.34,7.916666666666667,24.75,7.75,104.0,124.0,84,3,50,0,45,92,0.0,0.0,0.0,0.0,1.0,0.0
3.38,43,392,2790.0,21.78,159.87,247.99,6.8,25.83333333333333,6.333333333333333,141.5,188.0,95,15,0,80,24,71,0.0,0.0,1.0,0.0,0.0,0.0
1.65,63,208,4550.0,28.94,171.44,161.58,7.983333333333333,27.966666666666665,7.966666666666667,94.5,105.0,84,10,26,7,49,26,0.0,0.0,0.0,1.0,0.0,0.0
2.1,119,30,7618.0,30.4,132.11,221.96,6.733333333333333,27.73333333333333,6.25,148.0,190.0,106,43,0,71,65,71,0.0,1.0,0.0,0.0,0.0,0.0
1.27,68,526,4550.0,15.53,55.9,142.76,7.983333333333333,27.966666666666665,7.966666666666667,102.5,105.0,100,38,26,7,62,40,0.0,0.0,0.0,1.0,0.0,0.0
5.11,86,511,5028.0,20.28,30.23,239.64,7.916666666666667,24.75,7.75,107.5,124.0,91,43,50,0,52,78,0.0,0.0,0.0,0.0,1.0,0.0
2.35,103,296,4550.0,16.0,31.66,171.91,7.983333333333333,27.966666666666665,7.966666666666667,100.5,105.0,96,13,26,7,17,27,0.0,0.0,0.0,1.0,0.0,0.0
8.39,109,531,2790.0,28.15,31.2,204.72,6.8,25.83333333333333,6.333333333333333,147.5,188.0,107,29,0,80,26,17,0.0,0.0,1.0,0.0,0.0,0.0
3.44,104,372,4550.0,19.37,141.53,67.82,7.983333333333333,27.966666666666665,7.966666666666667,105.0,105.0,105,41,26,7,11,65,0.0,0.0,0.0,1.0,0.0,0.0
3.63,40,282,3444.0,8.96,93.5,319.57,7.25,22.03333333333333,7.033333333333333,97.5,92.0,103,43,40,10,54,85,1.0,0.0,0.0,0.0,0.0,0.0
7.77,59,458,1571.0,12.21,167.4,56.8,7.966666666666667,28.966666666666665,7.966666666666667,88.0,85.0,91,13,22,0,40,62,0.0,0.0,0.0,0.0,0.0,1.0
8.79,66,531,2790.0,9.21,24.65,295.77,6.8,25.83333333333333,6.333333333333333,148.5,188.0,109,4,0,80,51,97,0.0,0.0,1.0,0.0,0.0,0.0
8.89,75,32,3444.0,17.28,176.6,194.65,7.25,22.03333333333333,7.033333333333333,87.5,92.0,83,32,40,10,39,22,1.0,0.0,0.0,0.0,0.0,0.0
7.82,20,412,7618.0,33.27,32.18,116.15,6.733333333333333,27.73333333333333,6.25,150.0,190.0,110,5,0,71,18,59,0.0,1.0,0.0,0.0,0.0,0.0
5.29,59,182,2790.0,29.18,85.0,240.84,6.8,25.83333333333333,6.333333333333333,144.5,188.0,101,11,0,80,6,15,0.0,0.0,1.0,0.0,0.0,0.0
1.64,22,221,5028.0,13.39,149.23,226.76,7.916666666666667,24.75,7.75,109.0,124.0,94,6,50,0,13,40,0.0,0.0,0.0,0.0,1.0,0.0
2.16,110,532,2790.0,2.97,10.45,286.1,6.8,25.83333333333333,6.333333333333333,135.0,188.0,82,5,0,80,33,95,0.0,0.0,1.0,0.0,0.0,0.0
8.6,53,451,5028.0,25.66,137.69,339.65,7.916666666666667,24.75,7.75,114.0,124.0,104,1,50,0,60,57,0.0,0.0,0.0,0.0,1.0,0.0
5.28,42,236,1571.0,2.26,101.93,186.25,7.966666666666667,28.966666666666665,7.966666666666667,84.5,85.0,84,12,22,0,55,13,0.0,0.0,0.0,0.0,0.0,1.0
5.6,56,512,3444.0,28.66,63.22,213.29,7.25,22.03333333333333,7.033333333333333,101.5,92.0,111,40,40,10,29,17,1.0,0.0,0.0,0.0,0.0,0.0
3.41,66,220,5028.0,23.68,163.15,79.39,7.916666666666667,24.75,7.75,113.0,124.0,102,19,50,0,60,99,0.0,0.0,0.0,0.0,1.0,0.0
4.22,84,161,2790.0,17.93,135.6,150.18,6.8,25.83333333333333,6.333333333333333,148.0,188.0,108,10,0,80,38,43,0.0,0.0,1.0,0.0,0.0,0.0
8.61,49,451,3444.0,2.7,156.86,119.87,7.25,22.03333333333333,7.033333333333333,91.0,92.0,90,39,40,10,57,72,1.0,0.0,0.0,0.0,0.0,0.0
9.6,106,178,4550.0,31.99,147.28,102.77,7.983333333333333,27.966666666666665,7.966666666666667,103.0,105.0,101,39,26,7,13,38,0.0,0.0,0.0,1.0,0.0,0.0
3.96,103,314,4550.0,6.49,88.18,191.55,7.983333333333333,27.966666666666665,7.966666666666667,106.5,105.0,108,40,26,7,13,68,0.0,0.0,0.0,1.0,0.0,0.0
2.43,25,286,2790.0,31.61,111.41,267.53,6.8,25.83333333333333,6.333333333333333,138.5,188.0,89,3,0,80,62,25,0.0,0.0,1.0,0.0,0.0,0.0
8.84,95,197,4550.0,29.7,184.74,270.83,7.983333333333333,27.966666666666665,7.966666666666667,97.0,105.0,89,4,26,7,48,26,0.0,0.0,0.0,1.0,0.0,0.0
7.11,83,213,3444.0,5.82,35.9,87.73,7.25,22.03333333333333,7.033333333333333,89.0,92.0,86,25,40,10,67,2,1.0,0.0,0.0,0.0,0.0,0.0
6.74,86,253,2790.0,21.92,195.18,233.83,6.8,25.83333333333333,6.333333333333333,148.0,188.0,108,31,0,80,42,57,0.0,0.0,1.0,0.0,0.0,0.0
7.24,78,480,3444.0,1.5,144.26,220.77,7.25,22.03333333333333,7.033333333333333,98.5,92.0,105,29,40,10,46,59,1.0,0.0,0.0,0.0,0.0,0.0
5.22,34,451,7618.0,38.58,166.57,140.65,6.733333333333333,27.73333333333333,6.25,141.5,190.0,93,42,0,71,27,76,0.0,1.0,0.0,0.0,0.0,0.0
2.1,120,432,5028.0,37.94,97.82,136.8,7.916666666666667,24.75,7.75,115.5,124.0,107,36,50,0,14,87,0.0,0.0,0.0,0.0,1.0,0.0
5.51,115,500,1571.0,22.37,126.74,115.45,7.966666666666667,28.966666666666665,7.966666666666667,89.5,85.0,94,5,22,0,13,10,0.0,0.0,0.0,0.0,0.0,1.0
3.27,37,519,4550.0,20.88,68.45,268.54,7.983333333333333,27.966666666666665,7.966666666666667,101.0,105.0,97,30,26,7,64,62,0.0,0.0,0.0,1.0,0.0,0.0
5.15,49,462,3444.0,7.3,147.68,241.68,7.25,22.03333333333333,7.033333333333333,88.0,92.0,84,41,40,10,66,71,1.0,0.0,0.0,0.0,0.0,0.0
5.84,62,165,5028.0,24.96,94.44,190.91,7.916666666666667,24.75,7.75,102.5,124.0,81,3,50,0,45,26,0.0,0.0,0.0,0.0,1.0,0.0
4.14,72,96,7618.0,9.47,128.39,94.37,6.733333333333333,27.73333333333333,6.25,143.0,190.0,96,32,0,71,11,57,0.0,1.0,0.0,0.0,0.0,0.0
1.5,85,266,5028.0,17.45,38.68,321.83,7.916666666666667,24.75,7.75,116.0,124.0,108,21,50,0,29,54,0.0,0.0,0.0,0.0,1.0,0.0
2.39,35,484,3444.0,14.7,78.53,224.31,7.25,22.03333333333333,7.033333333333333,89.0,92.0,86,2,40,10,31,61,1.0,0.0,0.0,0.0,0.0,0.0
9.8,79,75,1571.0,18.61,81.83,117.84,7.966666666666667,28.966666666666665,7.966666666666667,97.0,85.0,109,16,22,0,16,89,0.0,0.0,0.0,0.0,0.0,1.0
9.34,33,550,5028.0,26.51,80.62,202.71,7.916666666666667,24.75,7.75,102.5,124.0,81,33,50,0,27,73,0.0,0.0,0.0,0.0,1.0,0.0
1.85,118,196,1571.0,32.16,35.32,244.19,7.966666666666667,28.966666666666665,7.966666666666667,84.5,85.0,84,9,22,0,24,20,0.0,0.0,0.0,0.0,0.0,1.0
2.42,37,344,3444.0,26.96,18.29,88.85,7.25,22.03333333333333,7.033333333333333,86.5,92.0,81,32,40,10,63,53,1.0,0.0,0.0,0.0,0.0,0.0
7.82,36,224,1571.0,35.37,56.7,257.13,7.966666666666667,28.966666666666665,7.966666666666667,97.0,85.0,109,10,22,0,22,90,0.0,0.0,0.0,0.0,0.0,1.0
8.49,83,112,7618.0,5.7,161.91,297.66,6.733333333333333,27.73333333333333,6.25,150.0,190.0,110,42,0,71,10,53,0.0,1.0,0.0,0.0,0.0,0.0
1.4,71,458,7618.0,16.22,178.43,73.14,6.733333333333333,27.73333333333333,6.25,148.0,190.0,106,27,0,71,60,57,0.0,1.0,0.0,0.0,0.0,0.0
9.66,66,262,5028.0,9.74,121.91,183.5,7.916666666666667,24.75,7.75,105.5,124.0,87,8,50,0,61,8,0.0,0.0,0.0,0.0,1.0,0.0
5.44,55,550,5028.0,6.69,181.53,222.52,7.916666666666667,24.75,7.75,111.0,124.0,98,28,50,0,54,88,0.0,0.0,0.0,0.0,1.0,0.0
5.4,45,517,1571.0,12.49,122.37,330.81,7.966666666666667,28.966666666666665,7.966666666666667,98.0,85.0,111,1,22,0,46,61,0.0,0.0,0.0,0.0,0.0,1.0
9.3,35,245,3444.0,38.39,187.67,184.4,7.25,22.03333333333333,7.033333333333333,86.5,92.0,81,8,40,10,41,66,1.0,0.0,0.0,0.0,0.0,0.0
1.69,47,102,2790.0,30.51,52.45,217.53,6.8,25.83333333333333,6.333333333333333,137.0,188.0,86,22,0,80,5,10,0.0,0.0,1.0,0.0,0.0,0.0
2.29,83,469,5028.0,7.12,141.48,323.25,7.916666666666667,24.75,7.75,113.0,124.0,102,2,50,0,45,11,0.0,0.0,0.0,0.0,1.0,0.0
4.15,111,486,4550.0,27.55,10.36,292.68,7.983333333333333,27.966666666666665,7.966666666666667,103.0,105.0,101,1,26,7,32,74,0.0,0.0,0.0,1.0,0.0,0.0
5.91,102,291,4550.0,33.98,50.96,77.35,7.983333333333333,27.966666666666665,7.966666666666667,102.5,105.0,100,34,26,7,5,82,0.0,0.0,0.0,1.0,0.0,0.0
2.9,83,436,7618.0,34.33,79.27,163.45,6.733333333333333,27.73333333333333,6.25,145.0,190.0,100,27,0,71,50,38,0.0,1.0,0.0,0.0,0.0,0.0
9.87,62,365,3444.0,37.88,115.19,221.39,7.25,22.03333333333333,7.033333333333333,86.5,92.0,81,6,40,10,8,68,1.0,0.0,0.0,0.0,0.0,0.0
6.62,38,51,4550.0,15.34,20.1,111.94,7.983333333333333,27.966666666666665,7.966666666666667,99.5,105.0,94,25,26,7,21,82,0.0,0.0,0.0,1.0,0.0,0.0
2.66,30,436,4550.0,12.23,190.7,174.33,7.983333333333333,27.966666666666665,7.966666666666667,100.0,105.0,95,1,26,7,63,72,0.0,0.0,0.0,1.0,0.0,0.0
7.35,95,182,4550.0,37.84,15.68,313.97,7.983333333333333,27.966666666666665,7.966666666666667,95.5,105.0,86,0,26,7,67,68,0.0,0.0,0.0,1.0,0.0,0.0
8.59,24,366,1571.0,33.44,175.1,298.26,7.966666666666667,28.966666666666665,7.966666666666667,87.5,85.0,90,33,22,0,51,45,0.0,0.0,0.0,0.0,0.0,1.0
1.97,112,500,3444.0,29.1,54.39,320.53,7.25,22.03333333333333,7.033333333333333,93.5,92.0,95,30,40,10,46,92,1.0,0.0,0.0,0.0,0.0,0.0
2.2,69,399,3444.0,14.6,186.67,136.3,7.25,22.03333333333333,7.033333333333333,96.5,92.0,101,8,40,10,57,91,1.0,0.0,0.0,0.0,0.0,0.0
8.33,60,113,1571.0,37.37,138.41,58.47,7.966666666666667,28.966666666666665,7.966666666666667,82.5,85.0,80,43,22,0,52,34,0.0,0.0,0.0,0.0,0.0,1.0
1.43,25,348,3444.0,2.2,127.65,207.4,7.25,22.03333333333333,7.033333333333333,99.0,92.0,106,43,40,10,25,49,1.0,0.0,0.0,0.0,0.0,0.0
6.32,63,475,7618.0,13.56,94.31,134.84,6.733333333333333,27.73333333333333,6.25,140.0,190.0,90,44,0,71,29,94,0.0,1.0,0.0,0.0,0.0,0.0
7.91,94,529,3444.0,4.67,10.35,275.24,7.25,22.03333333333333,7.033333333333333,95.0,92.0,98,28,40,10,55,88,1.0,0.0,0.0,0.0,0.0,0.0
4.88,67,117,4550.0,33.68,188.61,142.97,7.983333333333333,27.966666666666665,7.966666666666667,101.0,105.0,97,26,26,7,42,50,0.0,0.0,0.0,1.0,0.0,0.0
8.99,106,210,7618.0,11.64,182.93,276.69,6.733333333333333,27.73333333333333,6.25,143.5,190.0,97,40,0,71,28,39,0.0,1.0,0.0,0.0,0.0,0.0
3.63,38,267,5028.0,18.86,69.4,98.1,7.916666666666667,24.75,7.75,106.0,124.0,88,4,50,0,57,60,0.0,0.0,0.0,0.0,1.0,0.0
1.65,106,361,3444.0,3.14,146.81,205.46,7.25,22.03333333333333,7.033333333333333,91.5,92.0,91,20,40,10,58,50,1.0,0.0,0.0,0.0,0.0,0.0
7.15,82,388,5028.0,20.49,93.0,294.92,7.916666666666667,24.75,7.75,115.0,124.0,106,23,50,0,52,29,0.0,0.0,0.0,0.0,1.0,0.0
3.11,24,239,3444.0,9.19,82.76,292.23,7.25,22.03333333333333,7.033333333333333,89.5,92.0,87,9,40,10,38,44,1.0,0.0,0.0,0.0,0.0,0.0
5.99,20,384,7618.0,7.21,92.43,340.88,6.733333333333333,27.73333333333333,6.25,143.5,190.0,97,21,0,71,32,58,0.0,1.0,0.0,0.0,0.0,0.0
3.12,39,367,2790.0,21.39,87.2,101.0,6.8,25.83333333333333,6.333333333333333,137.5,188.0,87,13,0,80,64,94,0.0,0.0,1.0,0.0,0.0,0.0
1.2,66,398,4550.0,13.88,54.1,138.71,7.983333333333333,27.966666666666665,7.966666666666667,92.5,105.0,80,29,26,7,23,86,0.0,0.0,0.0,1.0,0.0,0.0
2.9,54,491,7618.0,38.3,184.41,220.23,6.733333333333333,27.73333333333333,6.25,146.0,190.0,102,33,0,71,15,35,0.0,1.0,0.0,0.0,0.0,0.0
4.5,98,350,7618.0,32.83,183.71,274.57,6.733333333333333,27.73333333333333,6.25,143.0,190.0,96,1,0,71,14,92,0.0,1.0,0.0,0.0,0.0,0.0
2.98,38,404,5028.0,21.1,115.5,269.35,7.916666666666667,24.75,7.75,105.5,124.0,87,31,50,0,66,21,0.0,0.0,0.0,0.0,1.0,0.0
7.63,59,87,2790.0,10.76,87.75,244.89,6.8,25.83333333333333,6.333333333333333,139.5,188.0,91,19,0,80,17,42,0.0,0.0,1.0,0.0,0.0,0.0
4.36,99,125,1571.0,4.71,185.74,54.69,7.966666666666667,28.966666666666665,7.966666666666667,98.0,85.0,111,11,22,0,14,57,0.0,0.0,0.0,0.0,0.0,1.0
4.32,20,242,1571.0,16.63,127.94,274.71,7.966666666666667,28.966666666666665,7.966666666666667,94.0,85.0,103,31,22,0,11,93,0.0,0.0,0.0,0.0,0.0,1.0
8.48,42,239,1571.0,4.53,126.68,348.96,7.966666666666667,28.966666666666665,7.966666666666667,87.0,85.0,89,14,22,0,61,15,0.0,0.0,0.0,0.0,0.0,1.0
1.51,48,388,2790.0,16.47,184.64,109.87,6.8,25.83333333333333,6.333333333333333,138.0,188.0,88,40,0,80,6,79,0.0,0.0,1.0,0.0,0.0,0.0
3.95,93,222,1571.0,12.5,12.56,261.43,7.966666666666667,28.966666666666665,7.966666666666667,84.5,85.0,84,43,22,0,14,23,0.0,0.0,0.0,0.0,0.0,1.0
7.2,80,180,3444.0,2.68,149.15,163.6,7.25,22.03333333333333,7.033333333333333,95.0,92.0,98,22,40,10,45,33,1.0,0.0,0.0,0.0,0.0,0.0
7.29,106,501,4550.0,29.78,156.72,263.38,7.983333333333333,27.966666666666665,7.966666666666667,95.0,105.0,85,39,26,7,67,74,0.0,0.0,0.0,1.0,0.0,0.0
6.81,96,533,5028.0,22.34,182.11,273.27,7.916666666666667,24.75,7.75,117.5,124.0,111,20,50,0,60,92,0.0,0.0,0.0,0.0,1.0,0.0
8.6,46,250,1571.0,35.46,198.3,275.88,7.966666666666667,28.966666666666665,7.966666666666667,93.5,85.0,102,37,22,0,25,15,0.0,0.0,0.0,0.0,0.0,1.0
5.4,59,166,5028.0,31.99,195.35,311.96,7.916666666666667,24.75,7.75,104.5,124.0,85,33,50,0,39,38,0.0,0.0,0.0,0.0,1.0,0.0
7.96,44,355,2790.0,33.47,16.54,100.87,6.8,25.83333333333333,6.333333333333333,134.5,188.0,81,42,0,80,14,51,0.0,0.0,1.0,0.0,0.0,0.0
4.9,97,533,1571.0,31.25,168.66,178.38,7.966666666666667,28.966666666666665,7.966666666666667,97.0,85.0,109,41,22,0,55,77,0.0,0.0,0.0,0.0,0.0,1.0
2.42,53,152,7618.0,7.97,156.86,284.99,6.733333333333333,27.73333333333333,6.25,139.5,190.0,89,13,0,71,9,38,0.0,1.0,0.0,0.0,0.0,0.0
8.85,55,101,7618.0,30.1,110.47,145.59,6.733333333333333,27.73333333333333,6.25,148.5,190.0,107,31,0,71,32,90,0.0,1.0,0.0,0.0,0.0,0.0
7.2,50,191,2790.0,27.77,119.92,321.97,6.8,25.83333333333333,6.333333333333333,138.0,188.0,88,25,0,80,50,6,0.0,0.0,1.0,0.0,0.0,0.0
7.9,39,75,1571.0,11.23,67.0,187.88,7.966666666666667,28.966666666666665,7.966666666666667,92.5,85.0,100,34,22,0,33,12,0.0,0.0,0.0,0.0,0.0,1.0
2.78,102,185,2790.0,17.99,166.73,193.87,6.8,25.83333333333333,6.333333333333333,139.5,188.0,91,2,0,80,40,52,0.0,0.0,1.0,0.0,0.0,0.0
8.69,57,208,3444.0,6.5,192.1,115.99,7.25,22.03333333333333,7.033333333333333,96.5,92.0,101,28,40,10,44,47,1.0,0.0,0.0,0.0,0.0,0.0
2.8,116,146,3444.0,2.92,114.42,191.44,7.25,22.03333333333333,7.033333333333333,99.5,92.0,107,17,40,10,61,92,1.0,0.0,0.0,0.0,0.0,0.0
2.85,79,301,7618.0,32.8,128.22,269.7,6.733333333333333,27.73333333333333,6.25,142.5,190.0,95,25,0,71,23,84,0.0,1.0,0.0,0.0,0.0,0.0
5.77,33,493,7618.0,34.4,189.6,324.75,6.733333333333333,27.73333333333333,6.25,136.0,190.0,82,23,0,71,50,85,0.0,1.0,0.0,0.0,0.0,0.0
2.9,32,208,1571.0,37.69,116.31,337.74,7.966666666666667,28.966666666666665,7.966666666666667,98.0,85.0,111,17,22,0,41,18,0.0,0.0,0.0,0.0,0.0,1.0
2.39,117,280,5028.0,27.8,35.73,65.13,7.916666666666667,24.75,7.75,116.0,124.0,108,22,50,0,53,89,0.0,0.0,0.0,0.0,1.0,0.0
2.96,46,549,7618.0,5.66,126.73,296.72,6.733333333333333,27.73333333333333,6.25,140.5,190.0,91,45,0,71,43,43,0.0,1.0,0.0,0.0,0.0,0.0
5.4,115,120,2790.0,25.78,23.58,57.72,6.8,25.83333333333333,6.333333333333333,138.5,188.0,89,29,0,80,67,68,0.0,0.0,1.0,0.0,0.0,0.0
9.2,100,188,4550.0,15.61,150.0,256.37,7.983333333333333,27.966666666666665,7.966666666666667,101.5,105.0,98,5,26,7,59,9,0.0,0.0,0.0,1.0,0.0,0.0
2.75,117,248,1571.0,2.87,21.26,93.92,7.966666666666667,28.966666666666665,7.966666666666667,88.0,85.0,91,15,22,0,60,17,0.0,0.0,0.0,0.0,0.0,1.0
8.41,117,78,3444.0,19.64,47.26,137.46,7.25,22.03333333333333,7.033333333333333,87.5,92.0,83,17,40,10,42,85,1.0,0.0,0.0,0.0,0.0,0.0
3.58,93,370,3444.0,5.8,147.8,204.88,7.25,22.03333333333333,7.033333333333333,99.5,92.0,107,38,40,10,33,62,1.0,0.0,0.0,0.0,0.0,0.0
8.56,63,407,3444.0,1.77,159.5,139.28,7.25,22.03333333333333,7.033333333333333,91.0,92.0,90,34,40,10,33,72,1.0,0.0,0.0,0.0,0.0,0.0
1.81,78,256,4550.0,38.37,83.3,288.84,7.983333333333333,27.966666666666665,7.966666666666667,106.0,105.0,107,41,26,7,52,77,0.0,0.0,0.0,1.0,0.0,0.0
3.58,41,118,7618.0,9.56,136.8,249.24,6.733333333333333,27.73333333333333,6.25,139.0,190.0,88,23,0,71,43,65,0.0,1.0,0.0,0.0,0.0,0.0
4.52,56,540,2790.0,26.78,119.15,93.23,6.8,25.83333333333333,6.333333333333333,140.0,188.0,92,19,0,80,43,7,0.0,0.0,1.0,0.0,0.0,0.0
4.69,23,282,2790.0,25.86,199.78,104.41,6.8,25.83333333333333,6.333333333333333,143.0,188.0,98,14,0,80,55,7,0.0,0.0,1.0,0.0,0.0,0.0
6.51,29,209,1571.0,19.72,149.94,275.67,7.966666666666667,28.966666666666665,7.966666666666667,94.5,85.0,104,17,22,0,65,16,0.0,0.0,0.0,0.0,0.0,1.0
8.7,86,89,7618.0,37.99,62.93,174.91,6.733333333333333,27.73333333333333,6.25,148.5,190.0,107,6,0,71,31,64,0.0,1.0,0.0,0.0,0.0,0.0
2.19,47,175,3444.0,6.46,13.73,133.15,7.25,22.03333333333333,7.033333333333333,88.0,92.0,84,32,40,10,9,69,1.0,0.0,0.0,0.0,0.0,0.0
1.84,47,301,1571.0,26.51,148.75,121.83,7.966666666666667,28.966666666666665,7.966666666666667,86.0,85.0,87,16,22,0,58,96,0.0,0.0,0.0,0.0,0.0,1.0
4.39,54,412,5028.0,31.86,100.5,106.62,7.916666666666667,24.75,7.75,112.0,124.0,100,13,50,0,34,94,0.0,0.0,0.0,0.0,1.0,0.0
2.6,89,248,4550.0,16.72,178.1,57.3,7.983333333333333,27.966666666666665,7.966666666666667,100.0,105.0,95,13,26,7,44,36,0.0,0.0,0.0,1.0,0.0,0.0
5.25,102,308,5028.0,25.17,136.5,329.28,7.916666666666667,24.75,7.75,113.5,124.0,103,35,50,0,20,17,0.0,0.0,0.0,0.0,1.0,0.0
6.16,120,397,4550.0,20.51,98.79,209.22,7.983333333333333,27.966666666666665,7.966666666666667,106.0,105.0,107,22,26,7,60,55,0.0,0.0,0.0,1.0,0.0,0.0
4.91,31,326,4550.0,11.82,144.65,210.44,7.983333333333333,27.966666666666665,7.966666666666667,97.0,105.0,89,7,26,7,14,24,0.0,0.0,0.0,1.0,0.0,0.0
3.25,82,190,3444.0,34.72,171.55,217.25,7.25,22.03333333333333,7.033333333333333,93.5,92.0,95,28,40,10,30,92,1.0,0.0,0.0,0.0,0.0,0.0
1.31,49,173,5028.0,32.89,138.5,111.1,7.916666666666667,24.75,7.75,102.5,124.0,81,16,50,0,57,25,0.0,0.0,0.0,0.0,1.0,0.0
5.14,42,330,3444.0,19.2,10.38,176.12,7.25,22.03333333333333,7.033333333333333,92.5,92.0,93,44,40,10,28,73,1.0,0.0,0.0,0.0,0.0,0.0
8.75,87,183,1571.0,8.76,117.96,106.72,7.966666666666667,28.966666666666665,7.966666666666667,86.5,85.0,88,1,22,0,49,22,0.0,0.0,0.0,0.0,0.0,1.0
2.17,50,365,2790.0,3.86,168.54,179.33,6.8,25.83333333333333,6.333333333333333,146.0,188.0,104,7,0,80,51,3,0.0,0.0,1.0,0.0,0.0,0.0
6.81,115,390,5028.0,23.31,89.84,183.79,7.916666666666667,24.75,7.75,116.5,124.0,109,36,50,0,24,61,0.0,0.0,0.0,0.0,1.0,0.0
7.34,33,292,3444.0,30.45,20.76,193.65,7.25,22.03333333333333,7.033333333333333,87.0,92.0,82,19,40,10,51,4,1.0,0.0,0.0,0.0,0.0,0.0
6.3,116,54,5028.0,26.53,198.85,77.41,7.916666666666667,24.75,7.75,111.5,124.0,99,18,50,0,27,71,0.0,0.0,0.0,0.0,1.0,0.0
5.74,43,473,3444.0,27.73,59.76,80.85,7.25,22.03333333333333,7.033333333333333,86.0,92.0,80,29,40,10,10,84,1.0,0.0,0.0,0.0,0.0,0.0
2.8,69,332,1571.0,31.43,141.12,63.22,7.966666666666667,28.966666666666665,7.966666666666667,91.0,85.0,97,39,22,0,29,70,0.0,0.0,0.0,0.0,0.0,1.0
4.16,101,134,2790.0,22.9,186.87,131.63,6.8,25.83333333333333,6.333333333333333,137.5,188.0,87,1,0,80,5,16,0.0,0.0,1.0,0.0,0.0,0.0
2.66,69,478,1571.0,21.93,124.52,238.3,7.966666666666667,28.966666666666665,7.966666666666667,84.0,85.0,83,8,22,0,21,51,0.0,0.0,0.0,0.0,0.0,1.0
7.26,83,29,7618.0,29.91,199.29,72.1,6.733333333333333,27.73333333333333,6.25,139.5,190.0,89,9,0,71,36,14,0.0,1.0,0.0,0.0,0.0,0.0
7.7,116,476,2790.0,37.7,131.4,150.71,6.8,25.83333333333333,6.333333333333333,147.5,188.0,107,8,0,80,37,70,0.0,0.0,1.0,0.0,0.0,0.0
9.31,112,156,4550.0,25.89,123.16,245.37,7.983333333333333,27.966666666666665,7.966666666666667,99.0,105.0,93,28,26,7,54,58,0.0,0.0,0.0,1.0,0.0,0.0
8.87,93,116,5028.0,35.7,71.6,235.39,7.916666666666667,24.75,7.75,103.0,124.0,82,44,50,0,26,88,0.0,0.0,0.0,0.0,1.0,0.0
7.13,43,499,5028.0,30.52,68.72,75.37,7.916666666666667,24.75,7.75,117.5,124.0,111,21,50,0,9,47,0.0,0.0,0.0,0.0,1.0,0.0
2.84,40,404,7618.0,9.41,65.1,338.32,6.733333333333333,27.73333333333333,6.25,143.0,190.0,96,27,0,71,7,85,0.0,1.0,0.0,0.0,0.0,0.0
2.27,115,499,3444.0,24.75,120.8,176.92,7.25,22.03333333333333,7.033333333333333,95.0,92.0,98,11,40,10,56,23,1.0,0.0,0.0,0.0,0.0,0.0
8.37,57,249,1571.0,28.2,198.91,254.81,7.966666666666667,28.966666666666665,7.966666666666667,97.0,85.0,109,43,22,0,34,81,0.0,0.0,0.0,0.0,0.0,1.0
2.8,45,364,1571.0,17.66,55.96,160.74,7.966666666666667,28.966666666666665,7.966666666666667,83.5,85.0,82,33,22,0,37,82,0.0,0.0,0.0,0.0,0.0,1.0
3.14,109,214,4550.0,1.43,70.13,308.12,7.983333333333333,27.966666666666665,7.966666666666667,106.5,105.0,108,4,26,7,39,28,0.0,0.0,0.0,1.0,0.0,0.0
9.71,43,281,3444.0,7.5,21.23,213.6,7.25,22.03333333333333,7.033333333333333,88.5,92.0,85,40,40,10,44,79,1.0,0.0,0.0,0.0,0.0,0.0
2.21,78,131,2790.0,21.99,178.21,51.99,6.8,25.83333333333333,6.333333333333333,144.0,188.0,100,28,0,80,59,91,0.0,0.0,1.0,0.0,0.0,0.0
3.74,81,341,1571.0,6.12,183.89,125.44,7.966666666666667,28.966666666666665,7.966666666666667,87.0,85.0,89,17,22,0,10,14,0.0,0.0,0.0,0.0,0.0,1.0
4.25,118,434,7618.0,31.1,196.45,306.63,6.733333333333333,27.73333333333333,6.25,149.5,190.0,109,14,0,71,29,2,0.0,1.0,0.0,0.0,0.0,0.0
7.6,33,287,5028.0,14.79,108.18,217.64,7.916666666666667,24.75,7.75,115.5,124.0,107,35,50,0,19,24,0.0,0.0,0.0,0.0,1.0,0.0
1.83,43,81,4550.0,9.67,158.3,343.11,7.983333333333333,27.966666666666665,7.966666666666667,108.0,105.0,111,41,26,7,20,67,0.0,0.0,0.0,1.0,0.0,0.0
7.37,118,258,5028.0,21.81,172.62,214.9,7.916666666666667,24.75,7.75,105.5,124.0,87,8,50,0,58,45,0.0,0.0,0.0,0.0,1.0,0.0
3.3,83,106,7618.0,5.29,132.75,155.81,6.733333333333333,27.73333333333333,6.25,149.0,190.0,108,9,0,71,67,29,0.0,1.0,0.0,0.0,0.0,0.0
3.91,58,419,7618.0,37.6,85.74,343.43,6.733333333333333,27.73333333333333,6.25,143.0,190.0,96,35,0,71,61,48,0.0,1.0,0.0,0.0,0.0,0.0
5.1,69,248,4550.0,7.35,138.19,246.19,7.983333333333333,27.966666666666665,7.966666666666667,94.0,105.0,83,3,26,7,59,37,0.0,0.0,0.0,1.0,0.0,0.0
1.36,57,46,1571.0,25.34,143.37,64.24,7.966666666666667,28.966666666666665,7.966666666666667,84.0,85.0,83,5,22,0,10,10,0.0,0.0,0.0,0.0,0.0,1.0
9.77,40,35,1571.0,18.46,12.14,63.68,7.966666666666667,28.966666666666665,7.966666666666667,89.5,85.0,94,31,22,0,19,42,0.0,0.0,0.0,0.0,0.0,1.0
8.33,101,121,3444.0,14.28,117.21,196.82,7.25,22.03333333333333,7.033333333333333,92.5,92.0,93,13,40,10,62,78,1.0,0.0,0.0,0.0,0.0,0.0
6.37,60,196,2790.0,25.46,132.68,208.32,6.8,25.83333333333333,6.333333333333333,146.5,188.0,105,11,0,80,52,89,0.0,0.0,1.0,0.0,0.0,0.0
9.98,77,81,4550.0,36.8,23.82,222.7,7.983333333333333,27.966666666666665,7.966666666666667,106.5,105.0,108,10,26,7,39,15,0.0,0.0,0.0,1.0,0.0,0.0
2.34,58,518,4550.0,34.14,34.2,78.43,7.983333333333333,27.966666666666665,7.966666666666667,93.0,105.0,81,43,26,7,51,21,0.0,0.0,0.0,1.0,0.0,0.0
9.31,82,455,1571.0,14.68,190.3,188.73,7.966666666666667,28.966666666666665,7.966666666666667,97.0,85.0,109,25,22,0,64,33,0.0,0.0,0.0,0.0,0.0,1.0
2.28,43,49,7618.0,2.29,32.6,75.3,6.733333333333333,27.73333333333333,6.25,138.0,190.0,86,26,0,71,67,54,0.0,1.0,0.0,0.0,0.0,0.0
7.2,90,327,4550.0,20.86,68.7,82.66,7.983333333333333,27.966666666666665,7.966666666666667,104.5,105.0,104,22,26,7,38,26,0.0,0.0,0.0,1.0,0.0,0.0
9.93,77,475,7618.0,21.11,26.7,145.72,6.733333333333333,27.73333333333333,6.25,143.0,190.0,96,11,0,71,9,15,0.0,1.0,0.0,0.0,0.0,0.0
4.7,120,358,4550.0,13.16,85.4,140.0,7.983333333333333,27.966666666666665,7.966666666666667,103.0,105.0,101,41,26,7,14,36,0.0,0.0,0.0,1.0,0.0,0.0
9.43,20,331,1571.0,35.11,107.89,107.17,7.966666666666667,28.966666666666665,7.966666666666667,96.5,85.0,108,33,22,0,24,75,0.0,0.0,0.0,0.0,0.0,1.0
6.86,116,332,4550.0,17.84,33.89,327.57,7.983333333333333,27.966666666666665,7.966666666666667,100.0,105.0,95,33,26,7,64,13,0.0,0.0,0.0,1.0,0.0,0.0
2.93,52,278,7618.0,14.48,29.55,169.43,6.733333333333333,27.73333333333333,6.25,140.0,190.0,90,45,0,71,58,67,0.0,1.0,0.0,0.0,0.0,0.0
8.65,57,539,2790.0,23.37,87.25,111.79,6.8,25.83333333333333,6.333333333333333,149.5,188.0,111,16,0,80,32,50,0.0,0.0,1.0,0.0,0.0,0.0
2.63,86,243,1571.0,14.88,160.24,204.92,7.966666666666667,28.966666666666665,7.966666666666667,97.0,85.0,109,2,22,0,29,74,0.0,0.0,0.0,0.0,0.0,1.0
5.0,53,72,5028.0,7.96,113.42,51.45,7.916666666666667,24.75,7.75,111.5,124.0,99,45,50,0,67,56,0.0,0.0,0.0,0.0,1.0,0.0
5.23,48,331,4550.0,31.65,49.12,206.58,7.983333333333333,27.966666666666665,7.966666666666667,100.5,105.0,96,22,26,7,34,3,0.0,0.0,0.0,1.0,0.0,0.0
6.52,28,440,1571.0,17.66,123.47,90.43,7.966666666666667,28.966666666666665,7.966666666666667,82.5,85.0,80,20,22,0,33,55,0.0,0.0,0.0,0.0,0.0,1.0
6.53,54,89,2790.0,29.74,139.66,311.8,6.8,25.83333333333333,6.333333333333333,134.5,188.0,81,1,0,80,21,10,0.0,0.0,1.0,0.0,0.0,0.0
7.19,102,404,1571.0,35.93,170.61,73.1,7.966666666666667,28.966666666666665,7.966666666666667,88.0,85.0,91,14,22,0,66,94,0.0,0.0,0.0,0.0,0.0,1.0
7.15,60,204,1571.0,20.48,167.43,341.73,7.966666666666667,28.966666666666665,7.966666666666667,90.5,85.0,96,27,22,0,7,30,0.0,0.0,0.0,0.0,0.0,1.0
5.74,102,272,2790.0,30.65,158.15,147.51,6.8,25.83333333333333,6.333333333333333,148.0,188.0,108,8,0,80,18,15,0.0,0.0,1.0,0.0,0.0,0.0
9.44,120,261,4550.0,9.6,22.37,235.82,7.983333333333333,27.966666666666665,7.966666666666667,107.5,105.0,110,6,26,7,60,5,0.0,0.0,0.0,1.0,0.0,0.0
9.94,82,152,5028.0,31.84,170.67,54.6,7.916666666666667,24.75,7.75,107.5,124.0,91,0,50,0,55,53,0.0,0.0,0.0,0.0,1.0,0.0
1.5,41,152,4550.0,24.39,43.72,214.82,7.983333333333333,27.966666666666665,7.966666666666667,108.0,105.0,111,23,26,7,15,56,0.0,0.0,0.0,1.0,0.0,0.0
1.33,33,156,2790.0,10.8,18.85,88.26,6.8,25.83333333333333,6.333333333333333,135.5,188.0,83,34,0,80,66,94,0.0,0.0,1.0,0.0,0.0,0.0
2.2,29,501,3444.0,20.8,22.19,178.6,7.25,22.03333333333333,7.033333333333333,98.5,92.0,105,36,40,10,18,69,1.0,0.0,0.0,0.0,0.0,0.0
5.25,26,287,5028.0,13.8,64.43,61.55,7.916666666666667,24.75,7.75,114.0,124.0,104,26,50,0,5,13,0.0,0.0,0.0,0.0,1.0,0.0
1.2,92,399,5028.0,2.41,101.9,264.3,7.916666666666667,24.75,7.75,115.0,124.0,106,35,50,0,23,45,0.0,0.0,0.0,0.0,1.0,0.0
2.21,41,398,1571.0,33.76,41.24,221.16,7.966666666666667,28.966666666666665,7.966666666666667,84.0,85.0,83,40,22,0,46,15,0.0,0.0,0.0,0.0,0.0,1.0
3.5,33,83,7618.0,31.66,150.74,285.44,6.733333333333333,27.73333333333333,6.25,137.5,190.0,85,10,0,71,40,2,0.0,1.0,0.0,0.0,0.0,0.0
9.6,65,253,4550.0,26.13,178.3,153.8,7.983333333333333,27.966666666666665,7.966666666666667,95.0,105.0,85,34,26,7,40,29,0.0,0.0,0.0,1.0,0.0,0.0
4.69,117,217,5028.0,19.7,156.21,208.48,7.916666666666667,24.75,7.75,109.0,124.0,94,0,50,0,34,41,0.0,0.0,0.0,0.0,1.0,0.0
3.97,77,164,5028.0,1.25,186.28,94.59,7.916666666666667,24.75,7.75,108.5,124.0,93,7,50,0,8,50,0.0,0.0,0.0,0.0,1.0,0.0
4.29,47,432,7618.0,15.37,178.39,270.68,6.733333333333333,27.73333333333333,6.25,141.5,190.0,93,17,0,71,30,84,0.0,1.0,0.0,0.0,0.0,0.0
2.54,71,535,3444.0,12.1,144.14,139.87,7.25,22.03333333333333,7.033333333333333,101.0,92.0,110,28,40,10,26,85,1.0,0.0,0.0,0.0,0.0,0.0
2.84,70,61,5028.0,25.99,15.87,141.97,7.916666666666667,24.75,7.75,115.5,124.0,107,41,50,0,43,43,0.0,0.0,0.0,0.0,1.0,0.0
1.68,111,426,7618.0,31.15,98.23,200.48,6.733333333333333,27.73333333333333,6.25,147.5,190.0,105,24,0,71,7,25,0.0,1.0,0.0,0.0,0.0,0.0
1.4,82,268,2790.0,19.74,185.65,237.62,6.8,25.83333333333333,6.333333333333333,134.5,188.0,81,31,0,80,45,86,0.0,0.0,1.0,0.0,0.0,0.0
4.42,114,190,5028.0,16.76,182.64,145.79,7.916666666666667,24.75,7.75,105.0,124.0,86,30,50,0,35,43,0.0,0.0,0.0,0.0,1.0,0.0
1.65,43,207,7618.0,14.81,108.2,212.88,6.733333333333333,27.73333333333333,6.25,148.0,190.0,106,24,0,71,9,66,0.0,1.0,0.0,0.0,0.0,0.0
7.63,104,59,5028.0,19.89,147.89,162.59,7.916666666666667,24.75,7.75,116.0,124.0,108,8,50,0,64,45,0.0,0.0,0.0,0.0,1.0,0.0
3.17,85,268,7618.0,23.26,48.3,285.11,6.733333333333333,27.73333333333333,6.25,147.5,190.0,105,29,0,71,64,100,0.0,1.0,0.0,0.0,0.0,0.0
1.65,113,286,5028.0,37.5,117.5,186.39,7.916666666666667,24.75,7.75,104.5,124.0,85,19,50,0,64,47,0.0,0.0,0.0,0.0,1.0,0.0
9.63,66,33,2790.0,4.5,21.72,116.28,6.8,25.83333333333333,6.333333333333333,136.5,188.0,85,37,0,80,9,97,0.0,0.0,1.0,0.0,0.0,0.0
3.68,29,434,7618.0,38.59,116.15,235.24,6.733333333333333,27.73333333333333,6.25,149.0,190.0,108,0,0,71,8,69,0.0,1.0,0.0,0.0,0.0,0.0
6.99,69,434,4550.0,14.67,145.5,188.78,7.983333333333333,27.966666666666665,7.966666666666667,93.5,105.0,82,7,26,7,44,40,0.0,0.0,0.0,1.0,0.0,0.0
3.37,60,151,3444.0,7.16,30.22,84.11,7.25,22.03333333333333,7.033333333333333,101.0,92.0,110,10,40,10,43,87,1.0,0.0,0.0,0.0,0.0,0.0
2.89,31,107,2790.0,29.91,148.72,168.23,6.8,25.83333333333333,6.333333333333333,145.0,188.0,102,5,0,80,60,15,0.0,0.0,1.0,0.0,0.0,0.0
5.99,108,292,7618.0,33.1,172.4,81.0,6.733333333333333,27.73333333333333,6.25,150.0,190.0,110,1,0,71,39,49,0.0,1.0,0.0,0.0,0.0,0.0
9.1,99,267,3444.0,17.83,146.0,191.17,7.25,22.03333333333333,7.033333333333333,90.0,92.0,88,32,40,10,43,33,1.0,0.0,0.0,0.0,0.0,0.0
8.9,28,57,2790.0,1.64,59.24,261.76,6.8,25.83333333333333,6.333333333333333,141.5,188.0,95,39,0,80,54,58,0.0,0.0,1.0,0.0,0.0,0.0
8.63,99,379,2790.0,37.19,176.37,111.98,6.8,25.83333333333333,6.333333333333333,140.0,188.0,92,7,0,80,43,94,0.0,0.0,1.0,0.0,0.0,0.0
2.95,58,114,4550.0,14.75,107.1,174.73,7.983333333333333,27.966666666666665,7.966666666666667,107.0,105.0,109,1,26,7,43,28,0.0,0.0,0.0,1.0,0.0,0.0
7.47,97,330,1571.0,14.11,104.43,133.73,7.966666666666667,28.966666666666665,7.966666666666667,88.5,85.0,92,22,22,0,25,44,0.0,0.0,0.0,0.0,0.0,1.0
5.2,28,169,3444.0,24.25,70.9,244.23,7.25,22.03333333333333,7.033333333333333,97.5,92.0,103,5,40,10,30,2,1.0,0.0,0.0,0.0,0.0,0.0
1.58,45,379,3444.0,28.46,91.54,117.13,7.25,22.03333333333333,7.033333333333333,91.0,92.0,90,25,40,10,11,48,1.0,0.0,0.0,0.0,0.0,0.0
9.7,61,197,4550.0,14.87,175.16,313.7,7.983333333333333,27.966666666666665,7.966666666666667,100.0,105.0,95,34,26,7,66,36,0.0,0.0,0.0,1.0,0.0,0.0
7.33,118,412,7618.0,11.28,38.62,263.26,6.733333333333333,27.73333333333333,6.25,135.5,190.0,81,26,0,71,24,87,0.0,1.0,0.0,0.0,0.0,0.0
1.91,119,17,2790.0,17.23,159.89,96.26,6.8,25.83333333333333,6.333333333333333,139.0,188.0,90,43,0,80,17,72,0.0,0.0,1.0,0.0,0.0,0.0
3.41,49,306,2790.0,7.52,115.75,329.2,6.8,25.83333333333333,6.333333333333333,148.5,188.0,109,28,0,80,64,26,0.0,0.0,1.0,0.0,0.0,0.0
1.78,68,420,5028.0,38.9,190.64,320.29,7.916666666666667,24.75,7.75,116.0,124.0,108,12,50,0,8,52,0.0,0.0,0.0,0.0,1.0,0.0
1.2,99,354,2790.0,1.79,185.2,146.64,6.8,25.83333333333333,6.333333333333333,145.0,188.0,102,45,0,80,36,98,0.0,0.0,1.0,0.0,0.0,0.0
4.1,59,328,5028.0,17.34,79.33,325.3,7.916666666666667,24.75,7.75,108.0,124.0,92,22,50,0,18,23,0.0,0.0,0.0,0.0,1.0,0.0
6.44,39,19,5028.0,1.73,162.19,131.16,7.916666666666667,24.75,7.75,106.5,124.0,89,19,50,0,56,59,0.0,0.0,0.0,0.0,1.0,0.0
8.46,33,35,4550.0,12.46,161.65,277.18,7.983333333333333,27.966666666666665,7.966666666666667,92.5,105.0,80,38,26,7,13,18,0.0,0.0,0.0,1.0,0.0,0.0
1.17,45,63,5028.0,17.13,34.68,151.26,7.916666666666667,24.75,7.75,107.0,124.0,90,31,50,0,15,21,0.0,0.0,0.0,0.0,1.0,0.0
5.7,90,369,3444.0,26.11,113.51,131.57,7.25,22.03333333333333,7.033333333333333,99.0,92.0,106,6,40,10,14,98,1.0,0.0,0.0,0.0,0.0,0.0
3.87,101,491,1571.0,23.95,109.55,92.11,7.966666666666667,28.966666666666665,7.966666666666667,92.0,85.0,99,36,22,0,36,31,0.0,0.0,0.0,0.0,0.0,1.0
8.26,38,433,5028.0,32.64,164.5,54.5,7.916666666666667,24.75,7.75,113.0,124.0,102,6,50,0,60,27,0.0,0.0,0.0,0.0,1.0,0.0
4.47,31,467,1571.0,10.21,188.62,226.7,7.966666666666667,28.966666666666665,7.966666666666667,82.5,85.0,80,0,22,0,32,6,0.0,0.0,0.0,0.0,0.0,1.0
2.55,28,501,5028.0,33.26,38.29,85.51,7.916666666666667,24.75,7.75,113.0,124.0,102,30,50,0,46,64,0.0,0.0,0.0,0.0,1.0,0.0
5.13,120,175,7618.0,38.66,125.2,128.19,6.733333333333333,27.73333333333333,6.25,146.5,190.0,103,6,0,71,61,74,0.0,1.0,0.0,0.0,0.0,0.0
5.1,75,135,2790.0,9.63,82.94,283.12,6.8,25.83333333333333,6.333333333333333,146.0,188.0,104,1,0,80,56,11,0.0,0.0,1.0,0.0,0.0,0.0
5.9,74,320,1571.0,6.59,44.54,185.45,7.966666666666667,28.966666666666665,7.966666666666667,85.5,85.0,86,24,22,0,9,26,0.0,0.0,0.0,0.0,0.0,1.0
4.23,84,210,5028.0,3.23,93.73,135.2,7.916666666666667,24.75,7.75,105.5,124.0,87,20,50,0,27,55,0.0,0.0,0.0,0.0,1.0,0.0
6.41,74,391,5028.0,17.41,77.63,217.53,7.916666666666667,24.75,7.75,116.5,124.0,109,30,50,0,52,77,0.0,0.0,0.0,0.0,1.0,0.0
8.16,38,256,4550.0,31.6,14.81,329.48,7.983333333333333,27.966666666666665,7.966666666666667,96.0,105.0,87,32,26,7,16,14,0.0,0.0,0.0,1.0,0.0,0.0
4.25,90,136,3444.0,13.68,46.89,66.15,7.25,22.03333333333333,7.033333333333333,94.5,92.0,97,14,40,10,57,24,1.0,0.0,0.0,0.0,0.0,0.0
8.66,45,188,1571.0,15.93,172.48,301.45,7.966666666666667,28.966666666666665,7.966666666666667,83.5,85.0,82,29,22,0,34,27,0.0,0.0,0.0,0.0,0.0,1.0
2.53,63,380,4550.0,19.7,133.71,89.48,7.983333333333333,27.966666666666665,7.966666666666667,99.5,105.0,94,38,26,7,61,43,0.0,0.0,0.0,1.0,0.0,0.0
2.4,115,205,2790.0,14.7,74.12,310.48,6.8,25.83333333333333,6.333333333333333,147.5,188.0,107,19,0,80,66,26,0.0,0.0,1.0,0.0,0.0,0.0
3.77,49,247,4550.0,11.75,134.56,120.89,7.983333333333333,27.966666666666665,7.966666666666667,95.5,105.0,86,39,26,7,33,17,0.0,0.0,0.0,1.0,0.0,0.0
6.11,30,11,5028.0,4.76,45.1,171.1,7.916666666666667,24.75,7.75,106.0,124.0,88,6,50,0,53,89,0.0,0.0,0.0,0.0,1.0,0.0
9.92,94,10,1571.0,12.24,149.98,91.4,7.966666666666667,28.966666666666665,7.966666666666667,96.5,85.0,108,42,22,0,66,56,0.0,0.0,0.0,0.0,0.0,1.0
5.1,42,479,7618.0,20.3,86.11,177.75,6.733333333333333,27.73333333333333,6.25,137.5,190.0,85,23,0,71,60,27,0.0,1.0,0.0,0.0,0.0,0.0
7.84,32,84,7618.0,34.5,157.45,315.48,6.733333333333333,27.73333333333333,6.25,148.0,190.0,106,18,0,71,29,73,0.0,1.0,0.0,0.0,0.0,0.0
7.38,26,422,7618.0,8.43,151.57,130.7,6.733333333333333,27.73333333333333,6.25,141.0,190.0,92,35,0,71,11,86,0.0,1.0,0.0,0.0,0.0,0.0
2.96,108,388,7618.0,5.19,167.31,348.8,6.733333333333333,27.73333333333333,6.25,144.0,190.0,98,2,0,71,37,48,0.0,1.0,0.0,0.0,0.0,0.0
9.47,113,190,1571.0,13.9,135.59,109.93,7.966666666666667,28.966666666666665,7.966666666666667,95.0,85.0,105,8,22,0,17,47,0.0,0.0,0.0,0.0,0.0,1.0
7.0,77,309,1571.0,25.27,49.62,321.5,7.966666666666667,28.966666666666665,7.966666666666667,91.0,85.0,97,25,22,0,10,58,0.0,0.0,0.0,0.0,0.0,1.0
4.36,55,256,4550.0,37.8,157.7,192.4,7.983333333333333,27.966666666666665,7.966666666666667,98.0,105.0,91,43,26,7,8,55,0.0,0.0,0.0,1.0,0.0,0.0
7.75,118,106,5028.0,9.9,92.51,122.56,7.916666666666667,24.75,7.75,106.0,124.0,88,44,50,0,11,90,0.0,0.0,0.0,0.0,1.0,0.0
2.85,39,200,1571.0,21.0,116.97,234.55,7.966666666666667,28.966666666666665,7.966666666666667,83.0,85.0,81,11,22,0,5,75,0.0,0.0,0.0,0.0,0.0,1.0
9.11,93,490,5028.0,6.9,159.67,290.52,7.916666666666667,24.75,7.75,112.5,124.0,101,5,50,0,25,97,0.0,0.0,0.0,0.0,1.0,0.0
1.16,97,210,3444.0,38.63,51.48,148.32,7.25,22.03333333333333,7.033333333333333,98.0,92.0,104,20,40,10,56,45,1.0,0.0,0.0,0.0,0.0,0.0
3.46,111,209,7618.0,9.63,16.2,274.98,6.733333333333333,27.73333333333333,6.25,142.0,190.0,94,23,0,71,25,90,0.0,1.0,0.0,0.0,0.0,0.0
2.45,42,110,7618.0,9.3,159.51,254.44,6.733333333333333,27.73333333333333,6.25,150.0,190.0,110,35,0,71,18,41,0.0,1.0,0.0,0.0,0.0,0.0
1.24,50,323,3444.0,1.14,178.14,222.28,7.25,22.03333333333333,7.033333333333333,90.5,92.0,89,38,40,10,31,77,1.0,0.0,0.0,0.0,0.0,0.0
5.99,101,327,2790.0,19.13,14.81,311.11,6.8,25.83333333333333,6.333333333333333,134.5,188.0,81,25,0,80,45,33,0.0,0.0,1.0,0.0,0.0,0.0
5.88,62,281,5028.0,5.98,99.94,86.71,7.916666666666667,24.75,7.75,104.0,124.0,84,13,50,0,16,15,0.0,0.0,0.0,0.0,1.0,0.0
7.3,29,498,1571.0,17.77,155.0,95.97,7.966666666666667,28.966666666666665,7.966666666666667,96.5,85.0,108,33,22,0,29,37,0.0,0.0,0.0,0.0,0.0,1.0
9.61,37,108,3444.0,11.23,198.57,73.4,7.25,22.03333333333333,7.033333333333333,90.0,92.0,88,35,40,10,46,92,1.0,0.0,0.0,0.0,0.0,0.0
3.6,70,436,2790.0,6.6,64.3,199.48,6.8,25.83333333333333,6.333333333333333,145.0,188.0,102,14,0,80,32,22,0.0,0.0,1.0,0.0,0.0,0.0
8.93,119,375,7618.0,11.57,152.69,211.0,6.733333333333333,27.73333333333333,6.25,144.0,190.0,98,9,0,71,19,53,0.0,1.0,0.0,0.0,0.0,0.0
2.78,103,393,5028.0,36.84,112.4,170.68,7.916666666666667,24.75,7.75,109.0,124.0,94,30,50,0,24,88,0.0,0.0,0.0,0.0,1.0,0.0
4.18,39,18,4550.0,21.86,182.17,320.77,7.983333333333333,27.966666666666665,7.966666666666667,98.5,105.0,92,0,26,7,36,80,0.0,0.0,0.0,1.0,0.0,0.0
5.79,103,314,7618.0,15.95,38.0,159.69,6.733333333333333,27.73333333333333,6.25,140.5,190.0,91,4,0,71,31,2,0.0,1.0,0.0,0.0,0.0,0.0
9.22,100,217,4550.0,11.35,182.81,328.9,7.983333333333333,27.966666666666665,7.966666666666667,97.0,105.0,89,16,26,7,12,68,0.0,0.0,0.0,1.0,0.0,0.0
4.11,29,207,5028.0,16.69,196.96,137.68,7.916666666666667,24.75,7.75,112.5,124.0,101,5,50,0,42,15,0.0,0.0,0.0,0.0,1.0,0.0
9.13,71,160,3444.0,1.7,57.36,216.31,7.25,22.03333333333333,7.033333333333333,92.5,92.0,93,10,40,10,48,40,1.0,0.0,0.0,0.0,0.0,0.0
6.55,72,261,2790.0,7.87,125.85,304.64,6.8,25.83333333333333,6.333333333333333,147.0,188.0,106,29,0,80,61,93,0.0,0.0,1.0,0.0,0.0,0.0
2.61,69,425,1571.0,12.2,63.74,144.83,7.966666666666667,28.966666666666665,7.966666666666667,93.5,85.0,102,37,22,0,11,47,0.0,0.0,0.0,0.0,0.0,1.0
7.5,76,62,4550.0,14.35,47.13,191.57,7.983333333333333,27.966666666666665,7.966666666666667,99.5,105.0,94,36,26,7,9,4,0.0,0.0,0.0,1.0,0.0,0.0
2.7,85,45,5028.0,9.28,90.25,78.1,7.916666666666667,24.75,7.75,106.5,124.0,89,5,50,0,40,18,0.0,0.0,0.0,0.0,1.0,0.0
3.15,36,57,2790.0,31.35,25.91,175.65,6.8,25.83333333333333,6.333333333333333,138.0,188.0,88,40,0,80,9,24,0.0,0.0,1.0,0.0,0.0,0.0
5.42,118,170,3444.0,33.19,182.77,75.39,7.25,22.03333333333333,7.033333333333333,88.5,92.0,85,32,40,10,20,79,1.0,0.0,0.0,0.0,0.0,0.0
5.12,91,355,7618.0,7.16,66.2,286.88,6.733333333333333,27.73333333333333,6.25,144.5,190.0,99,22,0,71,56,21,0.0,1.0,0.0,0.0,0.0,0.0
2.74,111,528,7618.0,37.1,106.8,216.42,6.733333333333333,27.73333333333333,6.25,149.0,190.0,108,15,0,71,48,20,0.0,1.0,0.0,0.0,0.0,0.0
1.14,104,526,1571.0,10.89,95.48,222.95,7.966666666666667,28.966666666666665,7.966666666666667,84.5,85.0,84,16,22,0,34,99,0.0,0.0,0.0,0.0,0.0,1.0
7.59,23,148,3444.0,8.57,41.59,148.86,7.25,22.03333333333333,7.033333333333333,87.5,92.0,83,10,40,10,64,22,1.0,0.0,0.0,0.0,0.0,0.0
6.37,32,419,2790.0,28.88,98.84,60.39,6.8,25.83333333333333,6.333333333333333,137.0,188.0,86,9,0,80,67,59,0.0,0.0,1.0,0.0,0.0,0.0
7.76,120,480,3444.0,33.3,95.9,115.11,7.25,22.03333333333333,7.033333333333333,91.0,92.0,90,32,40,10,7,22,1.0,0.0,0.0,0.0,0.0,0.0
3.39,117,282,4550.0,27.22,42.58,240.13,7.983333333333333,27.966666666666665,7.966666666666667,95.5,105.0,86,41,26,7,24,98,0.0,0.0,0.0,1.0,0.0,0.0
1.84,74,275,1571.0,15.13,158.17,333.23,7.966666666666667,28.966666666666665,7.966666666666667,85.5,85.0,86,24,22,0,25,45,0.0,0.0,0.0,0.0,0.0,1.0
5.65,112,78,1571.0,18.8,113.67,219.78,7.966666666666667,28.966666666666665,7.966666666666667,86.5,85.0,88,36,22,0,48,55,0.0,0.0,0.0,0.0,0.0,1.0
3.61,91,28,1571.0,34.63,166.82,116.5,7.966666666666667,28.966666666666665,7.966666666666667,95.5,85.0,106,8,22,0,35,15,0.0,0.0,0.0,0.0,0.0,1.0
4.42,22,22,4550.0,32.14,141.3,189.1,7.983333333333333,27.966666666666665,7.966666666666667,103.0,105.0,101,35,26,7,55,83,0.0,0.0,0.0,1.0,0.0,0.0
3.48,49,123,3444.0,25.39,133.55,286.4,7.25,22.03333333333333,7.033333333333333,99.5,92.0,107,41,40,10,32,88,1.0,0.0,0.0,0.0,0.0,0.0
6.82,66,372,2790.0,7.59,57.19,70.74,6.8,25.83333333333333,6.333333333333333,137.0,188.0,86,21,0,80,58,30,0.0,0.0,1.0,0.0,0.0,0.0
2.33,57,408,3444.0,4.99,39.28,64.12,7.25,22.03333333333333,7.033333333333333,95.5,92.0,99,34,40,10,13,60,1.0,0.0,0.0,0.0,0.0,0.0
4.4,75,467,3444.0,6.82,87.82,280.3,7.25,22.03333333333333,7.033333333333333,91.0,92.0,90,7,40,10,30,32,1.0,0.0,0.0,0.0,0.0,0.0
8.45,111,318,1571.0,17.32,181.35,337.83,7.966666666666667,28.966666666666665,7.966666666666667,97.5,85.0,110,29,22,0,16,51,0.0,0.0,0.0,0.0,0.0,1.0
5.13,66,59,7618.0,34.65,73.63,186.55,6.733333333333333,27.73333333333333,6.25,143.5,190.0,97,45,0,71,26,25,0.0,1.0,0.0,0.0,0.0,0.0
8.8,39,375,3444.0,29.43,45.16,150.78,7.25,22.03333333333333,7.033333333333333,101.5,92.0,111,23,40,10,54,28,1.0,0.0,0.0,0.0,0.0,0.0
7.66,111,256,3444.0,37.67,141.14,74.82,7.25,22.03333333333333,7.033333333333333,89.5,92.0,87,2,40,10,13,4,1.0,0.0,0.0,0.0,0.0,0.0
4.37,20,164,4550.0,3.95,151.53,167.77,7.983333333333333,27.966666666666665,7.966666666666667,99.5,105.0,94,10,26,7,63,61,0.0,0.0,0.0,1.0,0.0,0.0
7.44,26,17,5028.0,11.15,87.77,293.12,7.916666666666667,24.75,7.75,104.0,124.0,84,21,50,0,26,37,0.0,0.0,0.0,0.0,1.0,0.0
8.56,88,274,1571.0,27.1,148.54,160.81,7.966666666666667,28.966666666666665,7.966666666666667,86.5,85.0,88,22,22,0,31,20,0.0,0.0,0.0,0.0,0.0,1.0
6.99,105,259,3444.0,21.71,169.4,264.54,7.25,22.03333333333333,7.033333333333333,101.0,92.0,110,44,40,10,24,95,1.0,0.0,0.0,0.0,0.0,0.0
7.78,25,303,1571.0,16.83,157.6,314.15,7.966666666666667,28.966666666666665,7.966666666666667,96.5,85.0,108,3,22,0,60,18,0.0,0.0,0.0,0.0,0.0,1.0
9.59,54,331,4550.0,30.65,31.63,241.48,7.983333333333333,27.966666666666665,7.966666666666667,108.0,105.0,111,18,26,7,52,43,0.0,0.0,0.0,1.0,0.0,0.0
2.44,46,271,4550.0,26.38,92.32,303.1,7.983333333333333,27.966666666666665,7.966666666666667,101.5,105.0,98,3,26,7,5,73,0.0,0.0,0.0,1.0,0.0,0.0
2.21,47,474,4550.0,11.29,158.32,56.47,7.983333333333333,27.966666666666665,7.966666666666667,99.5,105.0,94,7,26,7,28,56,0.0,0.0,0.0,1.0,0.0,0.0
7.81,29,14,1571.0,18.61,122.5,285.2,7.966666666666667,28.966666666666665,7.966666666666667,83.0,85.0,81,11,22,0,48,26,0.0,0.0,0.0,0.0,0.0,1.0
4.9,90,291,2790.0,27.76,64.18,146.18,6.8,25.83333333333333,6.333333333333333,138.0,188.0,88,30,0,80,30,58,0.0,0.0,1.0,0.0,0.0,0.0
6.2,79,288,7618.0,22.96,71.4,170.94,6.733333333333333,27.73333333333333,6.25,135.5,190.0,81,7,0,71,6,8,0.0,1.0,0.0,0.0,0.0,0.0
1.32,41,121,5028.0,38.18,183.8,142.16,7.916666666666667,24.75,7.75,117.0,124.0,110,34,50,0,12,49,0.0,0.0,0.0,0.0,1.0,0.0
1.3,46,374,4550.0,30.64,57.1,263.19,7.983333333333333,27.966666666666665,7.966666666666667,103.0,105.0,101,22,26,7,28,10,0.0,0.0,0.0,1.0,0.0,0.0
6.61,102,127,5028.0,8.76,190.11,261.16,7.916666666666667,24.75,7.75,110.5,124.0,97,22,50,0,47,43,0.0,0.0,0.0,0.0,1.0,0.0
2.48,65,481,2790.0,4.79,144.56,72.48,6.8,25.83333333333333,6.333333333333333,148.0,188.0,108,13,0,80,58,48,0.0,0.0,1.0,0.0,0.0,0.0
3.83,51,244,1571.0,17.64,16.71,326.27,7.966666666666667,28.966666666666665,7.966666666666667,90.0,85.0,95,22,22,0,65,24,0.0,0.0,0.0,0.0,0.0,1.0
7.19,39,327,2790.0,11.56,102.88,304.55,6.8,25.83333333333333,6.333333333333333,149.0,188.0,110,12,0,80,37,68,0.0,0.0,1.0,0.0,0.0,0.0
8.21,84,155,7618.0,5.99,84.52,72.93,6.733333333333333,27.73333333333333,6.25,147.0,190.0,104,10,0,71,41,98,0.0,1.0,0.0,0.0,0.0,0.0
9.5,43,141,4550.0,30.45,57.1,271.59,7.983333333333333,27.966666666666665,7.966666666666667,99.0,105.0,93,22,26,7,24,80,0.0,0.0,0.0,1.0,0.0,0.0
2.89,69,212,4550.0,13.42,87.25,332.98,7.983333333333333,27.966666666666665,7.966666666666667,105.0,105.0,105,41,26,7,48,28,0.0,0.0,0.0,1.0,0.0,0.0
2.86,42,181,3444.0,8.7,19.78,187.74,7.25,22.03333333333333,7.033333333333333,88.5,92.0,85,26,40,10,41,78,1.0,0.0,0.0,0.0,0.0,0.0
6.4,73,267,2790.0,27.78,15.11,290.66,6.8,25.83333333333333,6.333333333333333,145.5,188.0,103,12,0,80,12,25,0.0,0.0,1.0,0.0,0.0,0.0
7.11,58,334,4550.0,6.76,125.8,96.82,7.983333333333333,27.966666666666665,7.966666666666667,94.5,105.0,84,11,26,7,58,99,0.0,0.0,0.0,1.0,0.0,0.0
1.1,45,374,3444.0,15.8,55.13,171.37,7.25,22.03333333333333,7.033333333333333,88.0,92.0,84,22,40,10,6,96,1.0,0.0,0.0,0.0,0.0,0.0
6.34,105,81,2790.0,16.96,10.53,65.82,6.8,25.83333333333333,6.333333333333333,137.5,188.0,87,2,0,80,14,88,0.0,0.0,1.0,0.0,0.0,0.0
6.65,113,444,1571.0,38.24,55.16,338.58,7.966666666666667,28.966666666666665,7.966666666666667,97.5,85.0,110,39,22,0,64,5,0.0,0.0,0.0,0.0,0.0,1.0
5.79,65,527,4550.0,37.18,58.76,141.19,7.983333333333333,27.966666666666665,7.966666666666667,101.0,105.0,97,1,26,7,17,55,0.0,0.0,0.0,1.0,0.0,0.0
5.26,117,503,4550.0,37.6,113.82,193.53,7.983333333333333,27.966666666666665,7.966666666666667,108.0,105.0,111,24,26,7,7,60,0.0,0.0,0.0,1.0,0.0,0.0
6.85,71,298,7618.0,7.5,91.73,320.11,6.733333333333333,27.73333333333333,6.25,146.0,190.0,102,10,0,71,45,72,0.0,1.0,0.0,0.0,0.0,0.0
8.83,48,280,5028.0,18.85,171.58,109.41,7.916666666666667,24.75,7.75,111.5,124.0,99,30,50,0,47,37,0.0,0.0,0.0,0.0,1.0,0.0
1.69,63,378,7618.0,7.24,62.11,174.11,6.733333333333333,27.73333333333333,6.25,139.0,190.0,88,13,0,71,25,69,0.0,1.0,0.0,0.0,0.0,0.0
5.46,99,34,3444.0,15.54,23.88,119.41,7.25,22.03333333333333,7.033333333333333,98.0,92.0,104,45,40,10,64,51,1.0,0.0,0.0,0.0,0.0,0.0
1.24,103,162,1571.0,14.13,158.36,181.42,7.966666666666667,28.966666666666665,7.966666666666667,84.0,85.0,83,20,22,0,31,46,0.0,0.0,0.0,0.0,0.0,1.0
9.48,59,34,1571.0,29.56,33.27,243.1,7.966666666666667,28.966666666666665,7.966666666666667,97.0,85.0,109,28,22,0,16,44,0.0,0.0,0.0,0.0,0.0,1.0
7.8,49,222,4550.0,37.4,124.47,173.0,7.983333333333333,27.966666666666665,7.966666666666667,96.5,105.0,88,30,26,7,42,78,0.0,0.0,0.0,1.0,0.0,0.0
8.7,94,53,2790.0,25.76,120.38,207.46,6.8,25.83333333333333,6.333333333333333,142.5,188.0,97,12,0,80,42,53,0.0,0.0,1.0,0.0,0.0,0.0
1.62,39,482,5028.0,19.27,48.95,258.2,7.916666666666667,24.75,7.75,114.5,124.0,105,35,50,0,36,89,0.0,0.0,0.0,0.0,1.0,0.0
7.9,38,395,3444.0,18.58,87.79,314.87,7.25,22.03333333333333,7.033333333333333,100.0,92.0,108,27,40,10,21,34,1.0,0.0,0.0,0.0,0.0,0.0
9.15,117,175,7618.0,3.48,110.44,119.76,6.733333333333333,27.73333333333333,6.25,150.0,190.0,110,39,0,71,53,34,0.0,1.0,0.0,0.0,0.0,0.0
2.1,71,10,1571.0,3.97,53.65,217.3,7.966666666666667,28.966666666666665,7.966666666666667,83.0,85.0,81,13,22,0,52,96,0.0,0.0,0.0,0.0,0.0,1.0
3.97,79,285,1571.0,20.67,21.66,97.5,7.966666666666667,28.966666666666665,7.966666666666667,97.0,85.0,109,19,22,0,32,13,0.0,0.0,0.0,0.0,0.0,1.0
1.63,43,441,4550.0,36.66,137.78,56.75,7.983333333333333,27.966666666666665,7.966666666666667,99.5,105.0,94,41,26,7,57,18,0.0,0.0,0.0,1.0,0.0,0.0
2.52,69,114,3444.0,1.0,16.55,260.81,7.25,22.03333333333333,7.033333333333333,100.0,92.0,108,22,40,10,48,98,1.0,0.0,0.0,0.0,0.0,0.0
6.58,89,454,5028.0,32.61,23.48,95.87,7.916666666666667,24.75,7.75,115.0,124.0,106,23,50,0,53,39,0.0,0.0,0.0,0.0,1.0,0.0
3.77,105,195,4550.0,33.48,113.96,309.11,7.983333333333333,27.966666666666665,7.966666666666667,97.0,105.0,89,10,26,7,36,32,0.0,0.0,0.0,1.0,0.0,0.0
2.32,55,352,2790.0,9.68,86.66,314.15,6.8,25.83333333333333,6.333333333333333,145.0,188.0,102,1,0,80,15,81,0.0,0.0,1.0,0.0,0.0,0.0
1.92,43,59,3444.0,28.31,184.77,254.15,7.25,22.03333333333333,7.033333333333333,95.0,92.0,98,27,40,10,31,81,1.0,0.0,0.0,0.0,0.0,0.0
4.96,44,116,2790.0,31.84,44.35,147.53,6.8,25.83333333333333,6.333333333333333,147.0,188.0,106,41,0,80,50,60,0.0,0.0,1.0,0.0,0.0,0.0
9.68,31,165,2790.0,5.96,136.81,218.21,6.8,25.83333333333333,6.333333333333333,140.5,188.0,93,19,0,80,27,63,0.0,0.0,1.0,0.0,0.0,0.0
2.28,51,549,4550.0,16.18,30.93,198.3,7.983333333333333,27.966666666666665,7.966666666666667,106.5,105.0,108,33,26,7,57,60,0.0,0.0,0.0,1.0,0.0,0.0
1.93,65,260,2790.0,8.57,134.18,156.99,6.8,25.83333333333333,6.333333333333333,145.5,188.0,103,34,0,80,56,51,0.0,0.0,1.0,0.0,0.0,0.0
3.68,96,133,7618.0,6.63,188.9,325.7,6.733333333333333,27.73333333333333,6.25,147.5,190.0,105,27,0,71,49,40,0.0,1.0,0.0,0.0,0.0,0.0
4.16,82,378,7618.0,11.3,128.65,255.75,6.733333333333333,27.73333333333333,6.25,144.5,190.0,99,27,0,71,36,90,0.0,1.0,0.0,0.0,0.0,0.0
7.24,24,97,7618.0,34.84,30.23,287.37,6.733333333333333,27.73333333333333,6.25,147.5,190.0,105,13,0,71,56,35,0.0,1.0,0.0,0.0,0.0,0.0
4.13,115,460,1571.0,14.71,157.28,262.31,7.966666666666667,28.966666666666665,7.966666666666667,94.5,85.0,104,23,22,0,37,76,0.0,0.0,0.0,0.0,0.0,1.0
4.84,103,196,5028.0,25.2,61.33,190.8,7.916666666666667,24.75,7.75,115.0,124.0,106,0,50,0,54,68,0.0,0.0,0.0,0.0,1.0,0.0
2.18,37,189,1571.0,18.32,53.16,341.44,7.966666666666667,28.966666666666665,7.966666666666667,88.5,85.0,92,29,22,0,19,47,0.0,0.0,0.0,0.0,0.0,1.0
9.37,67,144,3444.0,16.28,29.97,125.71,7.25,22.03333333333333,7.033333333333333,96.0,92.0,100,44,40,10,39,80,1.0,0.0,0.0,0.0,0.0,0.0
1.3,101,20,5028.0,37.29,75.3,274.25,7.916666666666667,24.75,7.75,112.5,124.0,101,21,50,0,24,60,0.0,0.0,0.0,0.0,1.0,0.0
3.0,45,427,4550.0,21.76,158.15,180.18,7.983333333333333,27.966666666666665,7.966666666666667,107.5,105.0,110,37,26,7,33,19,0.0,0.0,0.0,1.0,0.0,0.0
3.83,116,434,1571.0,30.92,140.77,147.59,7.966666666666667,28.966666666666665,7.966666666666667,96.5,85.0,108,28,22,0,10,31,0.0,0.0,0.0,0.0,0.0,1.0
8.17,75,397,3444.0,20.26,193.62,192.64,7.25,22.03333333333333,7.033333333333333,101.5,92.0,111,34,40,10,44,87,1.0,0.0,0.0,0.0,0.0,0.0
6.5,56,158,5028.0,1.73,71.86,176.5,7.916666666666667,24.75,7.75,116.0,124.0,108,27,50,0,46,29,0.0,0.0,0.0,0.0,1.0,0.0
1.13,66,400,3444.0,13.8,143.3,262.69,7.25,22.03333333333333,7.033333333333333,97.5,92.0,103,30,40,10,16,79,1.0,0.0,0.0,0.0,0.0,0.0
3.9,66,201,7618.0,18.58,167.94,330.53,6.733333333333333,27.73333333333333,6.25,148.0,190.0,106,2,0,71,30,96,0.0,1.0,0.0,0.0,0.0,0.0
4.1,58,111,3444.0,22.15,164.96,164.97,7.25,22.03333333333333,7.033333333333333,96.5,92.0,101,33,40,10,10,74,1.0,0.0,0.0,0.0,0.0,0.0
3.67,81,544,4550.0,34.61,131.51,61.31,7.983333333333333,27.966666666666665,7.966666666666667,102.5,105.0,100,14,26,7,45,44,0.0,0.0,0.0,1.0,0.0,0.0
1.2,90,108,2790.0,11.35,195.56,230.79,6.8,25.83333333333333,6.333333333333333,134.5,188.0,81,29,0,80,40,99,0.0,0.0,1.0,0.0,0.0,0.0
2.16,70,481,7618.0,23.93,149.91,200.92,6.733333333333333,27.73333333333333,6.25,146.0,190.0,102,19,0,71,14,90,0.0,1.0,0.0,0.0,0.0,0.0
2.6,38,227,4550.0,18.35,123.3,261.87,7.983333333333333,27.966666666666665,7.966666666666667,94.5,105.0,84,9,26,7,22,62,0.0,0.0,0.0,1.0,0.0,0.0
9.87,59,290,2790.0,23.84,147.67,224.11,6.8,25.83333333333333,6.333333333333333,136.5,188.0,85,38,0,80,38,23,0.0,0.0,1.0,0.0,0.0,0.0
6.27,91,71,2790.0,18.71,162.77,117.84,6.8,25.83333333333333,6.333333333333333,143.0,188.0,98,26,0,80,65,2,0.0,0.0,1.0,0.0,0.0,0.0
9.9,63,294,3444.0,10.59,62.5,171.61,7.25,22.03333333333333,7.033333333333333,94.0,92.0,96,2,40,10,28,49,1.0,0.0,0.0,0.0,0.0,0.0
5.75,59,349,7618.0,19.9,164.24,290.6,6.733333333333333,27.73333333333333,6.25,140.0,190.0,90,10,0,71,19,45,0.0,1.0,0.0,0.0,0.0,0.0
2.6,76,419,3444.0,31.49,14.26,155.71,7.25,22.03333333333333,7.033333333333333,94.5,92.0,97,35,40,10,14,69,1.0,0.0,0.0,0.0,0.0,0.0
3.31,55,73,5028.0,31.89,71.89,200.5,7.916666666666667,24.75,7.75,109.0,124.0,94,25,50,0,48,36,0.0,0.0,0.0,0.0,1.0,0.0
2.74,73,549,3444.0,11.21,124.87,205.66,7.25,22.03333333333333,7.033333333333333,89.0,92.0,86,45,40,10,5,8,1.0,0.0,0.0,0.0,0.0,0.0
5.72,80,425,3444.0,4.5,134.61,178.72,7.25,22.03333333333333,7.033333333333333,86.0,92.0,80,19,40,10,22,35,1.0,0.0,0.0,0.0,0.0,0.0
3.27,91,255,2790.0,10.53,31.37,251.68,6.8,25.83333333333333,6.333333333333333,139.5,188.0,91,18,0,80,24,11,0.0,0.0,1.0,0.0,0.0,0.0
9.15,40,371,5028.0,30.68,116.66,321.74,7.916666666666667,24.75,7.75,115.5,124.0,107,24,50,0,14,70,0.0,0.0,0.0,0.0,1.0,0.0
1.86,94,95,4550.0,9.96,90.27,193.31,7.983333333333333,27.966666666666665,7.966666666666667,102.0,105.0,99,22,26,7,14,29,0.0,0.0,0.0,1.0,0.0,0.0
6.57,91,179,4550.0,4.29,164.53,206.69,7.983333333333333,27.966666666666665,7.966666666666667,102.0,105.0,99,19,26,7,6,51,0.0,0.0,0.0,1.0,0.0,0.0
4.8,33,68,1571.0,27.4,160.99,291.6,7.966666666666667,28.966666666666665,7.966666666666667,90.5,85.0,96,25,22,0,10,61,0.0,0.0,0.0,0.0,0.0,1.0
7.3,71,71,2790.0,27.92,146.74,63.82,6.8,25.83333333333333,6.333333333333333,144.0,188.0,100,6,0,80,50,52,0.0,0.0,1.0,0.0,0.0,0.0
2.5,51,104,2790.0,27.44,179.46,59.73,6.8,25.83333333333333,6.333333333333333,149.0,188.0,110,35,0,80,63,72,0.0,0.0,1.0,0.0,0.0,0.0
6.9,110,39,7618.0,5.89,57.86,71.4,6.733333333333333,27.73333333333333,6.25,143.0,190.0,96,44,0,71,48,36,0.0,1.0,0.0,0.0,0.0,0.0
7.68,53,460,1571.0,15.47,54.8,253.15,7.966666666666667,28.966666666666665,7.966666666666667,92.5,85.0,100,3,22,0,33,66,0.0,0.0,0.0,0.0,0.0,1.0
8.3,81,224,2790.0,7.43,30.9,283.7,6.8,25.83333333333333,6.333333333333333,149.5,188.0,111,19,0,80,9,9,0.0,0.0,1.0,0.0,0.0,0.0
2.6,97,13,1571.0,24.62,194.21,212.13,7.966666666666667,28.966666666666665,7.966666666666667,86.0,85.0,87,35,22,0,28,31,0.0,0.0,0.0,0.0,0.0,1.0
5.75,76,450,7618.0,17.8,104.84,225.21,6.733333333333333,27.73333333333333,6.25,148.0,190.0,106,22,0,71,18,83,0.0,1.0,0.0,0.0,0.0,0.0
6.38,111,360,4550.0,26.26,34.89,347.4,7.983333333333333,27.966666666666665,7.966666666666667,103.5,105.0,102,35,26,7,54,41,0.0,0.0,0.0,1.0,0.0,0.0
4.9,78,78,2790.0,27.48,170.66,186.88,6.8,25.83333333333333,6.333333333333333,143.5,188.0,99,28,0,80,35,62,0.0,0.0,1.0,0.0,0.0,0.0
2.84,115,476,1571.0,27.34,104.29,248.25,7.966666666666667,28.966666666666665,7.966666666666667,96.5,85.0,108,19,22,0,30,48,0.0,0.0,0.0,0.0,0.0,1.0
2.57,89,252,5028.0,1.71,160.64,294.64,7.916666666666667,24.75,7.75,114.5,124.0,105,14,50,0,26,51,0.0,0.0,0.0,0.0,1.0,0.0
6.12,87,41,4550.0,21.67,102.6,327.57,7.983333333333333,27.966666666666665,7.966666666666667,94.5,105.0,84,35,26,7,57,3,0.0,0.0,0.0,1.0,0.0,0.0
8.69,61,485,5028.0,30.91,94.49,225.25,7.916666666666667,24.75,7.75,104.5,124.0,85,19,50,0,15,4,0.0,0.0,0.0,0.0,1.0,0.0
5.25,81,451,2790.0,2.71,25.31,196.4,6.8,25.83333333333333,6.333333333333333,149.5,188.0,111,33,0,80,27,37,0.0,0.0,1.0,0.0,0.0,0.0
8.66,101,279,5028.0,26.58,151.33,177.1,7.916666666666667,24.75,7.75,107.5,124.0,91,5,50,0,9,35,0.0,0.0,0.0,0.0,1.0,0.0
4.42,111,472,1571.0,31.4,167.96,62.91,7.966666666666667,28.966666666666665,7.966666666666667,92.0,85.0,99,43,22,0,51,9,0.0,0.0,0.0,0.0,0.0,1.0
6.61,67,121,2790.0,30.62,60.46,298.25,6.8,25.83333333333333,6.333333333333333,143.5,188.0,99,4,0,80,34,7,0.0,0.0,1.0,0.0,0.0,0.0
7.6,80,258,2790.0,21.76,80.6,129.75,6.8,25.83333333333333,6.333333333333333,145.0,188.0,102,32,0,80,37,94,0.0,0.0,1.0,0.0,0.0,0.0
3.4,119,491,5028.0,22.56,151.18,194.44,7.916666666666667,24.75,7.75,115.5,124.0,107,4,50,0,12,62,0.0,0.0,0.0,0.0,1.0,0.0
2.42,73,310,2790.0,38.29,61.66,98.7,6.8,25.83333333333333,6.333333333333333,140.0,188.0,92,10,0,80,44,90,0.0,0.0,1.0,0.0,0.0,0.0
5.52,111,267,7618.0,4.76,70.24,285.9,6.733333333333333,27.73333333333333,6.25,149.5,190.0,109,36,0,71,63,77,0.0,1.0,0.0,0.0,0.0,0.0
1.73,87,216,3444.0,24.32,167.63,84.88,7.25,22.03333333333333,7.033333333333333,98.0,92.0,104,5,40,10,11,63,1.0,0.0,0.0,0.0,0.0,0.0
4.54,99,426,1571.0,27.52,66.78,86.85,7.966666666666667,28.966666666666665,7.966666666666667,87.5,85.0,90,3,22,0,66,61,0.0,0.0,0.0,0.0,0.0,1.0
7.71,95,265,3444.0,34.5,119.14,194.62,7.25,22.03333333333333,7.033333333333333,97.0,92.0,102,9,40,10,56,5,1.0,0.0,0.0,0.0,0.0,0.0
1.93,35,366,5028.0,15.27,151.89,196.95,7.916666666666667,24.75,7.75,112.5,124.0,101,21,50,0,53,66,0.0,0.0,0.0,0.0,1.0,0.0
1.8,91,384,4550.0,28.8,74.76,267.98,7.983333333333333,27.966666666666665,7.966666666666667,102.0,105.0,99,19,26,7,58,82,0.0,0.0,0.0,1.0,0.0,0.0
3.94,106,279,2790.0,16.28,196.84,309.7,6.8,25.83333333333333,6.333333333333333,143.0,188.0,98,11,0,80,24,20,0.0,0.0,1.0,0.0,0.0,0.0
2.74,79,491,5028.0,33.13,118.79,172.4,7.916666666666667,24.75,7.75,111.0,124.0,98,22,50,0,42,61,0.0,0.0,0.0,0.0,1.0,0.0
4.76,32,369,4550.0,6.34,142.43,292.2,7.983333333333333,27.966666666666665,7.966666666666667,93.0,105.0,81,21,26,7,21,68,0.0,0.0,0.0,1.0,0.0,0.0
3.39,93,281,3444.0,11.71,70.4,109.46,7.25,22.03333333333333,7.033333333333333,90.5,92.0,89,19,40,10,64,92,1.0,0.0,0.0,0.0,0.0,0.0
9.88,117,247,2790.0,34.67,191.82,193.68,6.8,25.83333333333333,6.333333333333333,135.5,188.0,83,22,0,80,54,52,0.0,0.0,1.0,0.0,0.0,0.0
1.43,78,184,1571.0,22.9,146.56,338.29,7.966666666666667,28.966666666666665,7.966666666666667,97.5,85.0,110,27,22,0,32,76,0.0,0.0,0.0,0.0,0.0,1.0
8.57,60,123,1571.0,12.19,162.14,89.4,7.966666666666667,28.966666666666665,7.966666666666667,83.0,85.0,81,23,22,0,31,100,0.0,0.0,0.0,0.0,0.0,1.0
5.37,50,130,2790.0,33.55,37.48,290.42,6.8,25.83333333333333,6.333333333333333,141.0,188.0,94,41,0,80,38,53,0.0,0.0,1.0,0.0,0.0,0.0
5.51,120,266,5028.0,17.56,50.35,109.95,7.916666666666667,24.75,7.75,114.5,124.0,105,36,50,0,51,69,0.0,0.0,0.0,0.0,1.0,0.0
7.25,23,321,4550.0,25.76,139.92,176.23,7.983333333333333,27.966666666666665,7.966666666666667,108.0,105.0,111,3,26,7,52,89,0.0,0.0,0.0,1.0,0.0,0.0
8.37,67,59,3444.0,36.25,137.61,127.24,7.25,22.03333333333333,7.033333333333333,97.0,92.0,102,34,40,10,7,11,1.0,0.0,0.0,0.0,0.0,0.0
5.53,112,512,7618.0,37.47,122.4,328.46,6.733333333333333,27.73333333333333,6.25,141.5,190.0,93,25,0,71,15,91,0.0,1.0,0.0,0.0,0.0,0.0
9.21,84,174,3444.0,9.67,15.22,331.36,7.25,22.03333333333333,7.033333333333333,100.5,92.0,109,3,40,10,13,53,1.0,0.0,0.0,0.0,0.0,0.0
1.8,94,274,1571.0,26.41,71.61,206.54,7.966666666666667,28.966666666666665,7.966666666666667,92.0,85.0,99,31,22,0,19,94,0.0,0.0,0.0,0.0,0.0,1.0
3.18,36,323,5028.0,15.63,71.12,149.86,7.916666666666667,24.75,7.75,115.0,124.0,106,15,50,0,45,25,0.0,0.0,0.0,0.0,1.0,0.0
7.92,117,155,3444.0,4.61,132.5,140.19,7.25,22.03333333333333,7.033333333333333,92.0,92.0,92,42,40,10,30,76,1.0,0.0,0.0,0.0,0.0,0.0
2.16,37,267,1571.0,28.24,188.9,212.17,7.966666666666667,28.966666666666665,7.966666666666667,91.0,85.0,97,31,22,0,56,15,0.0,0.0,0.0,0.0,0.0,1.0
7.74,72,505,3444.0,31.5,87.78,119.58,7.25,22.03333333333333,7.033333333333333,101.5,92.0,111,5,40,10,36,25,1.0,0.0,0.0,0.0,0.0,0.0
7.88,47,348,4550.0,16.59,170.23,110.61,7.983333333333333,27.966666666666665,7.966666666666667,93.0,105.0,81,17,26,7,29,13,0.0,0.0,0.0,1.0,0.0,0.0
2.45,93,350,3444.0,12.91,129.23,103.9,7.25,22.03333333333333,7.033333333333333,89.5,92.0,87,4,40,10,66,55,1.0,0.0,0.0,0.0,0.0,0.0
5.46,24,39,7618.0,12.62,140.2,76.27,6.733333333333333,27.73333333333333,6.25,150.5,190.0,111,7,0,71,28,91,0.0,1.0,0.0,0.0,0.0,0.0
7.5,42,125,1571.0,5.29,136.13,207.16,7.966666666666667,28.966666666666665,7.966666666666667,90.0,85.0,95,17,22,0,62,17,0.0,0.0,0.0,0.0,0.0,1.0
2.78,69,529,7618.0,29.42,105.68,329.58,6.733333333333333,27.73333333333333,6.25,144.5,190.0,99,38,0,71,42,58,0.0,1.0,0.0,0.0,0.0,0.0
6.15,94,414,4550.0,2.54,183.44,269.26,7.983333333333333,27.966666666666665,7.966666666666667,107.0,105.0,109,17,26,7,58,28,0.0,0.0,0.0,1.0,0.0,0.0
7.97,32,162,1571.0,38.11,125.79,106.1,7.966666666666667,28.966666666666665,7.966666666666667,85.5,85.0,86,31,22,0,43,60,0.0,0.0,0.0,0.0,0.0,1.0
3.22,57,477,3444.0,9.11,36.89,132.78,7.25,22.03333333333333,7.033333333333333,89.0,92.0,86,1,40,10,39,75,1.0,0.0,0.0,0.0,0.0,0.0
2.14,91,46,1571.0,26.15,126.29,248.9,7.966666666666667,28.966666666666665,7.966666666666667,87.5,85.0,90,41,22,0,12,35,0.0,0.0,0.0,0.0,0.0,1.0
9.3,111,529,2790.0,26.55,24.94,231.41,6.8,25.83333333333333,6.333333333333333,148.5,188.0,109,9,0,80,22,91,0.0,0.0,1.0,0.0,0.0,0.0
7.11,27,511,4550.0,35.42,46.9,324.55,7.983333333333333,27.966666666666665,7.966666666666667,104.0,105.0,103,38,26,7,30,43,0.0,0.0,0.0,1.0,0.0,0.0
8.1,69,344,1571.0,33.39,131.68,286.24,7.966666666666667,28.966666666666665,7.966666666666667,96.0,85.0,107,15,22,0,23,22,0.0,0.0,0.0,0.0,0.0,1.0
8.38,111,524,2790.0,37.73,129.37,341.55,6.8,25.83333333333333,6.333333333333333,145.0,188.0,102,41,0,80,36,9,0.0,0.0,1.0,0.0,0.0,0.0
2.45,24,15,7618.0,27.83,108.36,215.19,6.733333333333333,27.73333333333333,6.25,141.5,190.0,93,11,0,71,60,20,0.0,1.0,0.0,0.0,0.0,0.0
5.1,60,474,3444.0,36.7,99.34,127.12,7.25,22.03333333333333,7.033333333333333,100.5,92.0,109,15,40,10,59,48,1.0,0.0,0.0,0.0,0.0,0.0
7.83,64,456,5028.0,17.53,162.26,272.25,7.916666666666667,24.75,7.75,102.0,124.0,80,36,50,0,40,42,0.0,0.0,0.0,0.0,1.0,0.0
7.1,75,355,7618.0,24.92,151.45,275.67,6.733333333333333,27.73333333333333,6.25,137.0,190.0,84,44,0,71,64,79,0.0,1.0,0.0,0.0,0.0,0.0
8.92,41,274,2790.0,13.13,192.6,242.72,6.8,25.83333333333333,6.333333333333333,142.0,188.0,96,16,0,80,65,43,0.0,0.0,1.0,0.0,0.0,0.0
6.38,20,311,7618.0,27.88,30.42,242.22,6.733333333333333,27.73333333333333,6.25,138.0,190.0,86,24,0,71,50,84,0.0,1.0,0.0,0.0,0.0,0.0
6.82,108,20,3444.0,36.77,157.1,249.74,7.25,22.03333333333333,7.033333333333333,93.0,92.0,94,3,40,10,29,71,1.0,0.0,0.0,0.0,0.0,0.0
4.25,113,80,5028.0,22.98,184.13,213.52,7.916666666666667,24.75,7.75,103.5,124.0,83,3,50,0,17,82,0.0,0.0,0.0,0.0,1.0,0.0
8.72,79,325,1571.0,10.81,179.28,291.15,7.966666666666667,28.966666666666665,7.966666666666667,93.5,85.0,102,23,22,0,44,32,0.0,0.0,0.0,0.0,0.0,1.0
9.96,32,489,7618.0,27.72,86.75,171.74,6.733333333333333,27.73333333333333,6.25,149.0,190.0,108,38,0,71,27,82,0.0,1.0,0.0,0.0,0.0,0.0
2.36,112,544,2790.0,11.47,87.19,153.95,6.8,25.83333333333333,6.333333333333333,137.5,188.0,87,10,0,80,58,59,0.0,0.0,1.0,0.0,0.0,0.0
4.31,72,508,7618.0,38.45,67.5,262.83,6.733333333333333,27.73333333333333,6.25,142.5,190.0,95,41,0,71,21,56,0.0,1.0,0.0,0.0,0.0,0.0
8.78,36,359,3444.0,3.33,193.92,296.1,7.25,22.03333333333333,7.033333333333333,91.0,92.0,90,13,40,10,43,14,1.0,0.0,0.0,0.0,0.0,0.0
4.26,106,38,4550.0,9.75,121.73,341.39,7.983333333333333,27.966666666666665,7.966666666666667,105.5,105.0,106,33,26,7,10,55,0.0,0.0,0.0,1.0,0.0,0.0
2.3,34,370,5028.0,10.39,116.53,144.98,7.916666666666667,24.75,7.75,112.0,124.0,100,26,50,0,31,20,0.0,0.0,0.0,0.0,1.0,0.0
7.57,78,298,5028.0,36.85,149.48,335.33,7.916666666666667,24.75,7.75,103.5,124.0,83,1,50,0,37,68,0.0,0.0,0.0,0.0,1.0,0.0
1.76,22,91,4550.0,1.77,32.68,152.48,7.983333333333333,27.966666666666665,7.966666666666667,104.0,105.0,103,31,26,7,62,13,0.0,0.0,0.0,1.0,0.0,0.0
1.59,63,341,4550.0,14.5,126.31,75.15,7.983333333333333,27.966666666666665,7.966666666666667,100.0,105.0,95,2,26,7,62,79,0.0,0.0,0.0,1.0,0.0,0.0
1.39,23,509,3444.0,9.59,91.26,282.17,7.25,22.03333333333333,7.033333333333333,99.0,92.0,106,42,40,10,41,88,1.0,0.0,0.0,0.0,0.0,0.0
7.5,22,29,4550.0,36.0,150.68,61.48,7.983333333333333,27.966666666666665,7.966666666666667,103.0,105.0,101,15,26,7,52,22,0.0,0.0,0.0,1.0,0.0,0.0
8.23,26,357,4550.0,19.58,142.62,74.41,7.983333333333333,27.966666666666665,7.966666666666667,96.0,105.0,87,8,26,7,50,52,0.0,0.0,0.0,1.0,0.0,0.0
4.56,79,388,2790.0,10.72,24.78,65.86,6.8,25.83333333333333,6.333333333333333,140.5,188.0,93,39,0,80,13,62,0.0,0.0,1.0,0.0,0.0,0.0
2.55,114,186,2790.0,27.22,165.7,281.35,6.8,25.83333333333333,6.333333333333333,135.5,188.0,83,14,0,80,52,38,0.0,0.0,1.0,0.0,0.0,0.0
1.41,82,78,3444.0,17.38,33.42,50.56,7.25,22.03333333333333,7.033333333333333,90.5,92.0,89,41,40,10,21,41,1.0,0.0,0.0,0.0,0.0,0.0
9.19,116,345,4550.0,32.25,156.6,252.41,7.983333333333333,27.966666666666665,7.966666666666667,101.5,105.0,98,45,26,7,6,22,0.0,0.0,0.0,1.0,0.0,0.0
6.94,57,199,1571.0,29.54,51.5,275.6,7.966666666666667,28.966666666666665,7.966666666666667,88.0,85.0,91,33,22,0,13,38,0.0,0.0,0.0,0.0,0.0,1.0
6.26,31,500,4550.0,35.24,47.44,230.22,7.983333333333333,27.966666666666665,7.966666666666667,93.0,105.0,81,5,26,7,44,21,0.0,0.0,0.0,1.0,0.0,0.0
2.89,58,445,3444.0,3.11,153.8,223.67,7.25,22.03333333333333,7.033333333333333,92.0,92.0,92,38,40,10,51,72,1.0,0.0,0.0,0.0,0.0,0.0
4.1,43,322,5028.0,23.42,156.43,152.46,7.916666666666667,24.75,7.75,110.5,124.0,97,19,50,0,16,80,0.0,0.0,0.0,0.0,1.0,0.0
4.24,58,540,3444.0,11.19,14.6,152.85,7.25,22.03333333333333,7.033333333333333,101.5,92.0,111,28,40,10,59,74,1.0,0.0,0.0,0.0,0.0,0.0
8.33,118,55,4550.0,36.51,185.67,349.66,7.983333333333333,27.966666666666665,7.966666666666667,92.5,105.0,80,22,26,7,54,3,0.0,0.0,0.0,1.0,0.0,0.0
7.54,48,110,5028.0,19.11,165.31,312.49,7.916666666666667,24.75,7.75,108.5,124.0,93,28,50,0,29,35,0.0,0.0,0.0,0.0,1.0,0.0
8.25,59,461,1571.0,34.77,152.81,246.12,7.966666666666667,28.966666666666665,7.966666666666667,88.0,85.0,91,7,22,0,35,57,0.0,0.0,0.0,0.0,0.0,1.0
5.7,62,153,1571.0,7.26,64.96,78.8,7.966666666666667,28.966666666666665,7.966666666666667,93.0,85.0,101,25,22,0,60,39,0.0,0.0,0.0,0.0,0.0,1.0
2.31,79,540,7618.0,13.71,22.6,287.5,6.733333333333333,27.73333333333333,6.25,135.0,190.0,80,21,0,71,14,43,0.0,1.0,0.0,0.0,0.0,0.0
1.24,87,182,4550.0,28.83,151.71,344.23,7.983333333333333,27.966666666666665,7.966666666666667,99.5,105.0,94,42,26,7,19,68,0.0,0.0,0.0,1.0,0.0,0.0
4.2,37,370,1571.0,24.13,67.51,88.98,7.966666666666667,28.966666666666665,7.966666666666667,89.0,85.0,93,28,22,0,63,53,0.0,0.0,0.0,0.0,0.0,1.0
1.57,90,448,4550.0,6.66,165.7,137.83,7.983333333333333,27.966666666666665,7.966666666666667,93.0,105.0,81,18,26,7,54,96,0.0,0.0,0.0,1.0,0.0,0.0
6.3,26,82,1571.0,24.96,150.91,172.63,7.966666666666667,28.966666666666665,7.966666666666667,88.0,85.0,91,38,22,0,11,99,0.0,0.0,0.0,0.0,0.0,1.0
4.35,114,225,7618.0,20.45,198.5,84.35,6.733333333333333,27.73333333333333,6.25,136.5,190.0,83,16,0,71,27,8,0.0,1.0,0.0,0.0,0.0,0.0
1.52,105,268,4550.0,31.0,103.51,208.86,7.983333333333333,27.966666666666665,7.966666666666667,96.5,105.0,88,24,26,7,43,20,0.0,0.0,0.0,1.0,0.0,0.0
9.95,74,513,1571.0,6.4,89.49,281.46,7.966666666666667,28.966666666666665,7.966666666666667,93.5,85.0,102,45,22,0,28,76,0.0,0.0,0.0,0.0,0.0,1.0
9.18,92,42,2790.0,10.94,71.34,314.7,6.8,25.83333333333333,6.333333333333333,138.5,188.0,89,30,0,80,25,67,0.0,0.0,1.0,0.0,0.0,0.0
7.55,84,461,4550.0,6.37,70.23,182.11,7.983333333333333,27.966666666666665,7.966666666666667,103.5,105.0,102,17,26,7,8,67,0.0,0.0,0.0,1.0,0.0,0.0
9.63,40,108,5028.0,9.6,151.93,282.78,7.916666666666667,24.75,7.75,109.0,124.0,94,0,50,0,36,46,0.0,0.0,0.0,0.0,1.0,0.0
8.2,107,448,1571.0,32.96,80.73,223.62,7.966666666666667,28.966666666666665,7.966666666666667,85.5,85.0,86,19,22,0,34,27,0.0,0.0,0.0,0.0,0.0,1.0
4.18,111,508,7618.0,14.23,96.38,183.19,6.733333333333333,27.73333333333333,6.25,135.5,190.0,81,19,0,71,51,84,0.0,1.0,0.0,0.0,0.0,0.0
2.77,53,391,2790.0,3.68,161.93,56.78,6.8,25.83333333333333,6.333333333333333,148.0,188.0,108,14,0,80,13,78,0.0,0.0,1.0,0.0,0.0,0.0
6.23,58,133,4550.0,27.51,122.87,179.92,7.983333333333333,27.966666666666665,7.966666666666667,105.5,105.0,106,32,26,7,62,17,0.0,0.0,0.0,1.0,0.0,0.0
5.64,53,504,2790.0,32.85,158.19,316.68,6.8,25.83333333333333,6.333333333333333,135.5,188.0,83,35,0,80,60,89,0.0,0.0,1.0,0.0,0.0,0.0
6.4,37,445,1571.0,17.64,152.41,151.84,7.966666666666667,28.966666666666665,7.966666666666667,84.0,85.0,83,44,22,0,43,18,0.0,0.0,0.0,0.0,0.0,1.0
9.4,23,534,3444.0,3.22,92.8,94.98,7.25,22.03333333333333,7.033333333333333,90.5,92.0,89,6,40,10,36,13,1.0,0.0,0.0,0.0,0.0,0.0
9.95,24,230,5028.0,3.18,63.23,85.24,7.916666666666667,24.75,7.75,114.0,124.0,104,14,50,0,37,14,0.0,0.0,0.0,0.0,1.0,0.0
3.45,94,38,2790.0,33.14,63.4,223.46,6.8,25.83333333333333,6.333333333333333,147.5,188.0,107,11,0,80,63,58,0.0,0.0,1.0,0.0,0.0,0.0
4.59,41,518,1571.0,12.95,196.11,145.8,7.966666666666667,28.966666666666665,7.966666666666667,94.5,85.0,104,17,22,0,39,19,0.0,0.0,0.0,0.0,0.0,1.0
2.39,85,506,5028.0,32.3,90.68,349.31,7.916666666666667,24.75,7.75,115.5,124.0,107,42,50,0,22,88,0.0,0.0,0.0,0.0,1.0,0.0
8.6,30,192,5028.0,17.4,110.21,159.9,7.916666666666667,24.75,7.75,104.5,124.0,85,27,50,0,17,17,0.0,0.0,0.0,0.0,1.0,0.0
2.5,69,304,1571.0,38.9,132.14,52.18,7.966666666666667,28.966666666666665,7.966666666666667,86.5,85.0,88,45,22,0,58,10,0.0,0.0,0.0,0.0,0.0,1.0
5.38,81,448,1571.0,35.67,129.31,140.56,7.966666666666667,28.966666666666665,7.966666666666667,86.0,85.0,87,34,22,0,18,24,0.0,0.0,0.0,0.0,0.0,1.0
2.87,85,74,4550.0,10.68,177.91,147.78,7.983333333333333,27.966666666666665,7.966666666666667,103.5,105.0,102,19,26,7,38,62,0.0,0.0,0.0,1.0,0.0,0.0
5.15,68,312,5028.0,12.73,64.82,180.71,7.916666666666667,24.75,7.75,105.0,124.0,86,29,50,0,9,21,0.0,0.0,0.0,0.0,1.0,0.0
9.32,29,506,1571.0,37.81,13.78,200.8,7.966666666666667,28.966666666666665,7.966666666666667,85.5,85.0,86,45,22,0,12,60,0.0,0.0,0.0,0.0,0.0,1.0
9.82,47,524,7618.0,7.54,23.52,154.54,6.733333333333333,27.73333333333333,6.25,137.0,190.0,84,3,0,71,22,29,0.0,1.0,0.0,0.0,0.0,0.0
5.91,40,523,3444.0,11.19,37.77,294.1,7.25,22.03333333333333,7.033333333333333,88.5,92.0,85,15,40,10,44,85,1.0,0.0,0.0,0.0,0.0,0.0
6.63,78,93,2790.0,2.64,198.96,145.59,6.8,25.83333333333333,6.333333333333333,149.0,188.0,110,14,0,80,10,81,0.0,0.0,1.0,0.0,0.0,0.0
5.43,83,473,1571.0,3.14,110.98,188.96,7.966666666666667,28.966666666666665,7.966666666666667,98.0,85.0,111,1,22,0,55,48,0.0,0.0,0.0,0.0,0.0,1.0
7.85,61,158,4550.0,14.81,25.58,277.63,7.983333333333333,27.966666666666665,7.966666666666667,104.0,105.0,103,38,26,7,19,13,0.0,0.0,0.0,1.0,0.0,0.0
9.11,20,122,5028.0,1.1,109.28,345.9,7.916666666666667,24.75,7.75,109.5,124.0,95,35,50,0,42,2,0.0,0.0,0.0,0.0,1.0,0.0
5.78,83,45,1571.0,3.16,199.67,210.5,7.966666666666667,28.966666666666665,7.966666666666667,96.5,85.0,108,37,22,0,52,85,0.0,0.0,0.0,0.0,0.0,1.0
9.44,86,188,3444.0,36.23,123.86,317.12,7.25,22.03333333333333,7.033333333333333,86.0,92.0,80,31,40,10,26,41,1.0,0.0,0.0,0.0,0.0,0.0
7.79,119,441,7618.0,9.16,177.31,316.32,6.733333333333333,27.73333333333333,6.25,140.5,190.0,91,11,0,71,16,20,0.0,1.0,0.0,0.0,0.0,0.0
1.79,99,169,5028.0,19.48,46.77,203.49,7.916666666666667,24.75,7.75,110.0,124.0,96,15,50,0,31,67,0.0,0.0,0.0,0.0,1.0,0.0
5.1,78,338,2790.0,16.56,85.9,289.43,6.8,25.83333333333333,6.333333333333333,148.5,188.0,109,23,0,80,43,23,0.0,0.0,1.0,0.0,0.0,0.0
7.5,120,123,4550.0,8.56,131.34,88.3,7.983333333333333,27.966666666666665,7.966666666666667,102.0,105.0,99,10,26,7,60,14,0.0,0.0,0.0,1.0,0.0,0.0
7.98,89,406,3444.0,25.8,76.75,300.84,7.25,22.03333333333333,7.033333333333333,96.5,92.0,101,34,40,10,18,82,1.0,0.0,0.0,0.0,0.0,0.0
2.81,55,95,2790.0,18.92,160.53,322.5,6.8,25.83333333333333,6.333333333333333,139.0,188.0,90,37,0,80,30,98,0.0,0.0,1.0,0.0,0.0,0.0
4.36,83,209,5028.0,25.4,70.54,177.24,7.916666666666667,24.75,7.75,110.0,124.0,96,45,50,0,65,70,0.0,0.0,0.0,0.0,1.0,0.0
2.45,41,257,2790.0,28.77,128.66,140.4,6.8,25.83333333333333,6.333333333333333,143.0,188.0,98,4,0,80,7,77,0.0,0.0,1.0,0.0,0.0,0.0
2.44,22,499,2790.0,8.46,139.87,113.8,6.8,25.83333333333333,6.333333333333333,136.0,188.0,84,36,0,80,47,30,0.0,0.0,1.0,0.0,0.0,0.0
5.31,44,69,5028.0,29.96,11.22,177.7,7.916666666666667,24.75,7.75,117.5,124.0,111,16,50,0,65,98,0.0,0.0,0.0,0.0,1.0,0.0
2.99,104,438,1571.0,10.31,151.8,108.83,7.966666666666667,28.966666666666665,7.966666666666667,90.5,85.0,96,24,22,0,23,29,0.0,0.0,0.0,0.0,0.0,1.0
1.81,58,76,4550.0,34.8,66.16,99.72,7.983333333333333,27.966666666666665,7.966666666666667,94.0,105.0,83,8,26,7,7,10,0.0,0.0,0.0,1.0,0.0,0.0
2.17,106,172,1571.0,10.42,134.17,275.62,7.966666666666667,28.966666666666665,7.966666666666667,97.5,85.0,110,30,22,0,52,57,0.0,0.0,0.0,0.0,0.0,1.0
